InsertionSite,Ninsertions,FromStart,FromStart_aa,RP,start,end
430334,24,0.0,0.0,rpl31,430334.0,430627.0
430334,28,0.0,0.0,rpl31,430334.0,430627.0
430334,62,0.0,0.0,rpl31,430334.0,430627.0
430334,88,0.0,0.0,rpl31,430334.0,430627.0
430334,24,0.0,0.0,rpl31,430334.0,430627.0
430334,51,0.0,0.0,rpl31,430334.0,430627.0
430334,69,0.0,0.0,rpl31,430334.0,430627.0
430334,31,0.0,0.0,rpl31,430334.0,430627.0
430334,40,0.0,0.0,rpl31,430334.0,430627.0
430334,32,0.0,0.0,rpl31,430334.0,430627.0
430341,332,7.0,2.0,rpl31,430334.0,430627.0
430341,20,7.0,2.0,rpl31,430334.0,430627.0
430341,20,7.0,2.0,rpl31,430334.0,430627.0
430341,30,7.0,2.0,rpl31,430334.0,430627.0
430341,119,7.0,2.0,rpl31,430334.0,430627.0
430341,21,7.0,2.0,rpl31,430334.0,430627.0
430341,32,7.0,2.0,rpl31,430334.0,430627.0
430341,37,7.0,2.0,rpl31,430334.0,430627.0
430341,25,7.0,2.0,rpl31,430334.0,430627.0
430341,30,7.0,2.0,rpl31,430334.0,430627.0
430341,29,7.0,2.0,rpl31,430334.0,430627.0
430341,22,7.0,2.0,rpl31,430334.0,430627.0
430341,25,7.0,2.0,rpl31,430334.0,430627.0
430608,28,274.0,91.0,rpl31,430334.0,430627.0
430608,47,274.0,91.0,rpl31,430334.0,430627.0
223039,29,3.0,1.0,rpl29,223036.0,223371.0
223079,24,43.0,14.0,rpl29,223036.0,223371.0
223218,23,182.0,61.0,rpl29,223036.0,223371.0
223218,27,182.0,61.0,rpl29,223036.0,223371.0
223218,25,182.0,61.0,rpl29,223036.0,223371.0
223225,140,189.0,63.0,rpl29,223036.0,223371.0
223225,33,189.0,63.0,rpl29,223036.0,223371.0
223225,137,189.0,63.0,rpl29,223036.0,223371.0
223225,37,189.0,63.0,rpl29,223036.0,223371.0
223225,115,189.0,63.0,rpl29,223036.0,223371.0
223225,74,189.0,63.0,rpl29,223036.0,223371.0
223225,56,189.0,63.0,rpl29,223036.0,223371.0
223225,64,189.0,63.0,rpl29,223036.0,223371.0
223225,54,189.0,63.0,rpl29,223036.0,223371.0
223225,22,189.0,63.0,rpl29,223036.0,223371.0
223232,34,196.0,65.0,rpl29,223036.0,223371.0
223232,74,196.0,65.0,rpl29,223036.0,223371.0
223232,26,196.0,65.0,rpl29,223036.0,223371.0
223232,71,196.0,65.0,rpl29,223036.0,223371.0
223232,66,196.0,65.0,rpl29,223036.0,223371.0
223263,24,227.0,76.0,rpl29,223036.0,223371.0
223264,42,228.0,76.0,rpl29,223036.0,223371.0
223264,37,228.0,76.0,rpl29,223036.0,223371.0
223264,73,228.0,76.0,rpl29,223036.0,223371.0
223264,44,228.0,76.0,rpl29,223036.0,223371.0
223282,32,246.0,82.0,rpl29,223036.0,223371.0
223282,20,246.0,82.0,rpl29,223036.0,223371.0
223287,46,251.0,84.0,rpl29,223036.0,223371.0
223287,48,251.0,84.0,rpl29,223036.0,223371.0
223287,41,251.0,84.0,rpl29,223036.0,223371.0
223288,23,252.0,84.0,rpl29,223036.0,223371.0
223288,51,252.0,84.0,rpl29,223036.0,223371.0
223288,20,252.0,84.0,rpl29,223036.0,223371.0
223288,42,252.0,84.0,rpl29,223036.0,223371.0
223288,48,252.0,84.0,rpl29,223036.0,223371.0
223288,37,252.0,84.0,rpl29,223036.0,223371.0
223288,25,252.0,84.0,rpl29,223036.0,223371.0
223288,47,252.0,84.0,rpl29,223036.0,223371.0
223294,29,258.0,86.0,rpl29,223036.0,223371.0
223294,39,258.0,86.0,rpl29,223036.0,223371.0
223294,37,258.0,86.0,rpl29,223036.0,223371.0
223294,40,258.0,86.0,rpl29,223036.0,223371.0
223295,25,259.0,86.0,rpl29,223036.0,223371.0
223295,46,259.0,86.0,rpl29,223036.0,223371.0
223295,37,259.0,86.0,rpl29,223036.0,223371.0
223297,43,261.0,87.0,rpl29,223036.0,223371.0
223297,33,261.0,87.0,rpl29,223036.0,223371.0
223328,23,292.0,97.0,rpl29,223036.0,223371.0
223328,24,292.0,97.0,rpl29,223036.0,223371.0
223335,74,299.0,100.0,rpl29,223036.0,223371.0
223335,69,299.0,100.0,rpl29,223036.0,223371.0
223335,27,299.0,100.0,rpl29,223036.0,223371.0
223335,35,299.0,100.0,rpl29,223036.0,223371.0
223340,20,304.0,101.0,rpl29,223036.0,223371.0
223345,37,309.0,103.0,rpl29,223036.0,223371.0
223345,42,309.0,103.0,rpl29,223036.0,223371.0
223349,30,313.0,104.0,rpl29,223036.0,223371.0
223349,28,313.0,104.0,rpl29,223036.0,223371.0
223350,35,314.0,105.0,rpl29,223036.0,223371.0
223350,30,314.0,105.0,rpl29,223036.0,223371.0
223350,59,314.0,105.0,rpl29,223036.0,223371.0
223350,57,314.0,105.0,rpl29,223036.0,223371.0
223350,34,314.0,105.0,rpl29,223036.0,223371.0
223350,28,314.0,105.0,rpl29,223036.0,223371.0
223356,28,320.0,107.0,rpl29,223036.0,223371.0
223356,35,320.0,107.0,rpl29,223036.0,223371.0
223356,20,320.0,107.0,rpl29,223036.0,223371.0
223356,57,320.0,107.0,rpl29,223036.0,223371.0
223357,22,321.0,107.0,rpl29,223036.0,223371.0
223357,30,321.0,107.0,rpl29,223036.0,223371.0
223357,33,321.0,107.0,rpl29,223036.0,223371.0
223357,31,321.0,107.0,rpl29,223036.0,223371.0
223360,29,324.0,108.0,rpl29,223036.0,223371.0
223360,38,324.0,108.0,rpl29,223036.0,223371.0
223360,56,324.0,108.0,rpl29,223036.0,223371.0
223360,31,324.0,108.0,rpl29,223036.0,223371.0
223363,89,327.0,109.0,rpl29,223036.0,223371.0
223363,97,327.0,109.0,rpl29,223036.0,223371.0
223363,26,327.0,109.0,rpl29,223036.0,223371.0
223363,173,327.0,109.0,rpl29,223036.0,223371.0
223363,78,327.0,109.0,rpl29,223036.0,223371.0
223363,30,327.0,109.0,rpl29,223036.0,223371.0
223363,84,327.0,109.0,rpl29,223036.0,223371.0
223363,35,327.0,109.0,rpl29,223036.0,223371.0
223363,28,327.0,109.0,rpl29,223036.0,223371.0
223363,35,327.0,109.0,rpl29,223036.0,223371.0
223363,20,327.0,109.0,rpl29,223036.0,223371.0
223363,90,327.0,109.0,rpl29,223036.0,223371.0
223363,23,327.0,109.0,rpl29,223036.0,223371.0
223363,40,327.0,109.0,rpl29,223036.0,223371.0
223363,21,327.0,109.0,rpl29,223036.0,223371.0
223363,27,327.0,109.0,rpl29,223036.0,223371.0
223363,29,327.0,109.0,rpl29,223036.0,223371.0
223363,132,327.0,109.0,rpl29,223036.0,223371.0
223364,69,328.0,109.0,rpl29,223036.0,223371.0
223364,79,328.0,109.0,rpl29,223036.0,223371.0
223364,23,328.0,109.0,rpl29,223036.0,223371.0
223364,70,328.0,109.0,rpl29,223036.0,223371.0
223364,24,328.0,109.0,rpl29,223036.0,223371.0
223365,35,329.0,110.0,rpl29,223036.0,223371.0
223365,31,329.0,110.0,rpl29,223036.0,223371.0
223365,34,329.0,110.0,rpl29,223036.0,223371.0
223365,211,329.0,110.0,rpl29,223036.0,223371.0
223365,24,329.0,110.0,rpl29,223036.0,223371.0
223365,21,329.0,110.0,rpl29,223036.0,223371.0
223365,29,329.0,110.0,rpl29,223036.0,223371.0
223365,88,329.0,110.0,rpl29,223036.0,223371.0
223366,53,330.0,110.0,rpl29,223036.0,223371.0
223366,23,330.0,110.0,rpl29,223036.0,223371.0
223366,62,330.0,110.0,rpl29,223036.0,223371.0
223366,54,330.0,110.0,rpl29,223036.0,223371.0
223366,63,330.0,110.0,rpl29,223036.0,223371.0
223366,40,330.0,110.0,rpl29,223036.0,223371.0
223366,30,330.0,110.0,rpl29,223036.0,223371.0
223366,58,330.0,110.0,rpl29,223036.0,223371.0
223366,46,330.0,110.0,rpl29,223036.0,223371.0
223366,32,330.0,110.0,rpl29,223036.0,223371.0
223366,25,330.0,110.0,rpl29,223036.0,223371.0
223366,42,330.0,110.0,rpl29,223036.0,223371.0
223366,33,330.0,110.0,rpl29,223036.0,223371.0
223367,27,331.0,110.0,rpl29,223036.0,223371.0
223367,33,331.0,110.0,rpl29,223036.0,223371.0
223367,40,331.0,110.0,rpl29,223036.0,223371.0
223370,29,334.0,111.0,rpl29,223036.0,223371.0
223370,27,334.0,111.0,rpl29,223036.0,223371.0
223370,32,334.0,111.0,rpl29,223036.0,223371.0
223370,28,334.0,111.0,rpl29,223036.0,223371.0
223370,35,334.0,111.0,rpl29,223036.0,223371.0
223370,22,334.0,111.0,rpl29,223036.0,223371.0
223370,29,334.0,111.0,rpl29,223036.0,223371.0
223370,31,334.0,111.0,rpl29,223036.0,223371.0
223370,23,334.0,111.0,rpl29,223036.0,223371.0
223370,22,334.0,111.0,rpl29,223036.0,223371.0
223370,24,334.0,111.0,rpl29,223036.0,223371.0
223370,28,334.0,111.0,rpl29,223036.0,223371.0
223370,24,334.0,111.0,rpl29,223036.0,223371.0
223371,25,335.0,112.0,rpl29,223036.0,223371.0
223371,20,335.0,112.0,rpl29,223036.0,223371.0
223371,139,335.0,112.0,rpl29,223036.0,223371.0
223371,31,335.0,112.0,rpl29,223036.0,223371.0
223371,284,335.0,112.0,rpl29,223036.0,223371.0
223371,283,335.0,112.0,rpl29,223036.0,223371.0
223371,28,335.0,112.0,rpl29,223036.0,223371.0
219612,22,138.0,46.0,rpl23,219474.0,220187.0
220049,29,575.0,192.0,rpl23,219474.0,220187.0
220107,22,633.0,211.0,rpl23,219474.0,220187.0
220107,24,633.0,211.0,rpl23,219474.0,220187.0
220107,21,633.0,211.0,rpl23,219474.0,220187.0
220118,50,644.0,215.0,rpl23,219474.0,220187.0
220118,32,644.0,215.0,rpl23,219474.0,220187.0
220118,51,644.0,215.0,rpl23,219474.0,220187.0
220174,20,700.0,233.0,rpl23,219474.0,220187.0
220174,25,700.0,233.0,rpl23,219474.0,220187.0
220174,24,700.0,233.0,rpl23,219474.0,220187.0
220177,20,703.0,234.0,rpl23,219474.0,220187.0
220177,20,703.0,234.0,rpl23,219474.0,220187.0
220181,59,707.0,236.0,rpl23,219474.0,220187.0
220181,150,707.0,236.0,rpl23,219474.0,220187.0
220181,169,707.0,236.0,rpl23,219474.0,220187.0
220181,168,707.0,236.0,rpl23,219474.0,220187.0
220181,148,707.0,236.0,rpl23,219474.0,220187.0
221702,27,387.0,129.0,rpl22,221315.0,221794.0
221711,21,396.0,132.0,rpl22,221315.0,221794.0
221768,37,453.0,151.0,rpl22,221315.0,221794.0
221768,36,453.0,151.0,rpl22,221315.0,221794.0
221768,34,453.0,151.0,rpl22,221315.0,221794.0
221769,65,454.0,151.0,rpl22,221315.0,221794.0
221769,71,454.0,151.0,rpl22,221315.0,221794.0
221769,73,454.0,151.0,rpl22,221315.0,221794.0
221775,31,460.0,153.0,rpl22,221315.0,221794.0
221776,24,461.0,154.0,rpl22,221315.0,221794.0
221776,43,461.0,154.0,rpl22,221315.0,221794.0
221776,35,461.0,154.0,rpl22,221315.0,221794.0
221776,26,461.0,154.0,rpl22,221315.0,221794.0
221776,23,461.0,154.0,rpl22,221315.0,221794.0
221776,36,461.0,154.0,rpl22,221315.0,221794.0
221776,22,461.0,154.0,rpl22,221315.0,221794.0
221776,37,461.0,154.0,rpl22,221315.0,221794.0
221776,30,461.0,154.0,rpl22,221315.0,221794.0
221776,25,461.0,154.0,rpl22,221315.0,221794.0
221776,29,461.0,154.0,rpl22,221315.0,221794.0
221776,35,461.0,154.0,rpl22,221315.0,221794.0
221776,39,461.0,154.0,rpl22,221315.0,221794.0
221784,20,469.0,156.0,rpl22,221315.0,221794.0
221786,37,471.0,157.0,rpl22,221315.0,221794.0
221786,40,471.0,157.0,rpl22,221315.0,221794.0
221786,38,471.0,157.0,rpl22,221315.0,221794.0
221786,36,471.0,157.0,rpl22,221315.0,221794.0
221786,26,471.0,157.0,rpl22,221315.0,221794.0
221791,21,476.0,159.0,rpl22,221315.0,221794.0
221791,28,476.0,159.0,rpl22,221315.0,221794.0
221791,22,476.0,159.0,rpl22,221315.0,221794.0
221791,49,476.0,159.0,rpl22,221315.0,221794.0
221792,38,477.0,159.0,rpl22,221315.0,221794.0
221792,42,477.0,159.0,rpl22,221315.0,221794.0
221792,45,477.0,159.0,rpl22,221315.0,221794.0
221793,35,478.0,159.0,rpl22,221315.0,221794.0
221793,30,478.0,159.0,rpl22,221315.0,221794.0
221793,33,478.0,159.0,rpl22,221315.0,221794.0
221793,23,478.0,159.0,rpl22,221315.0,221794.0
218834,20,1.0,0.0,rpl4,218833.0,219471.0
218834,30,1.0,0.0,rpl4,218833.0,219471.0
218834,33,1.0,0.0,rpl4,218833.0,219471.0
218834,31,1.0,0.0,rpl4,218833.0,219471.0
218835,22,2.0,1.0,rpl4,218833.0,219471.0
218835,32,2.0,1.0,rpl4,218833.0,219471.0
218835,34,2.0,1.0,rpl4,218833.0,219471.0
218835,63,2.0,1.0,rpl4,218833.0,219471.0
218835,31,2.0,1.0,rpl4,218833.0,219471.0
218879,30,46.0,15.0,rpl4,218833.0,219471.0
218879,44,46.0,15.0,rpl4,218833.0,219471.0
218879,45,46.0,15.0,rpl4,218833.0,219471.0
218879,28,46.0,15.0,rpl4,218833.0,219471.0
218925,102,92.0,31.0,rpl4,218833.0,219471.0
218925,46,92.0,31.0,rpl4,218833.0,219471.0
218925,47,92.0,31.0,rpl4,218833.0,219471.0
218925,87,92.0,31.0,rpl4,218833.0,219471.0
219380,32,547.0,182.0,rpl4,218833.0,219471.0
219380,20,547.0,182.0,rpl4,218833.0,219471.0
219445,67,612.0,204.0,rpl4,218833.0,219471.0
219445,29,612.0,204.0,rpl4,218833.0,219471.0
219459,21,626.0,209.0,rpl4,218833.0,219471.0
219459,24,626.0,209.0,rpl4,218833.0,219471.0
219459,110,626.0,209.0,rpl4,218833.0,219471.0
219459,109,626.0,209.0,rpl4,218833.0,219471.0
219459,68,626.0,209.0,rpl4,218833.0,219471.0
219461,39,628.0,209.0,rpl4,218833.0,219471.0
219461,54,628.0,209.0,rpl4,218833.0,219471.0
219461,55,628.0,209.0,rpl4,218833.0,219471.0
219461,47,628.0,209.0,rpl4,218833.0,219471.0
219461,51,628.0,209.0,rpl4,218833.0,219471.0
219466,38,633.0,211.0,rpl4,218833.0,219471.0
219466,36,633.0,211.0,rpl4,218833.0,219471.0
219468,38,635.0,212.0,rpl4,218833.0,219471.0
219468,30,635.0,212.0,rpl4,218833.0,219471.0
219468,37,635.0,212.0,rpl4,218833.0,219471.0
217970,20,0.0,0.0,rpl3,217970.0,218833.0
218335,22,365.0,122.0,rpl3,217970.0,218833.0
218335,23,365.0,122.0,rpl3,217970.0,218833.0
218633,34,663.0,221.0,rpl3,217970.0,218833.0
218685,52,715.0,238.0,rpl3,217970.0,218833.0
218685,27,715.0,238.0,rpl3,217970.0,218833.0
218723,20,753.0,251.0,rpl3,217970.0,218833.0
218787,22,817.0,272.0,rpl3,217970.0,218833.0
218788,28,818.0,273.0,rpl3,217970.0,218833.0
218788,20,818.0,273.0,rpl3,217970.0,218833.0
218788,21,818.0,273.0,rpl3,217970.0,218833.0
218797,29,827.0,276.0,rpl3,217970.0,218833.0
218797,49,827.0,276.0,rpl3,217970.0,218833.0
218808,22,838.0,279.0,rpl3,217970.0,218833.0
218808,53,838.0,279.0,rpl3,217970.0,218833.0
218808,49,838.0,279.0,rpl3,217970.0,218833.0
218808,25,838.0,279.0,rpl3,217970.0,218833.0
218808,55,838.0,279.0,rpl3,217970.0,218833.0
218815,23,845.0,282.0,rpl3,217970.0,218833.0
218815,35,845.0,282.0,rpl3,217970.0,218833.0
218815,21,845.0,282.0,rpl3,217970.0,218833.0
218815,33,845.0,282.0,rpl3,217970.0,218833.0
218815,34,845.0,282.0,rpl3,217970.0,218833.0
218815,32,845.0,282.0,rpl3,217970.0,218833.0
218818,39,848.0,283.0,rpl3,217970.0,218833.0
218818,32,848.0,283.0,rpl3,217970.0,218833.0
218818,25,848.0,283.0,rpl3,217970.0,218833.0
218818,44,848.0,283.0,rpl3,217970.0,218833.0
218818,37,848.0,283.0,rpl3,217970.0,218833.0
218827,20,857.0,286.0,rpl3,217970.0,218833.0
218827,35,857.0,286.0,rpl3,217970.0,218833.0
218827,120,857.0,286.0,rpl3,217970.0,218833.0
218827,113,857.0,286.0,rpl3,217970.0,218833.0
218827,102,857.0,286.0,rpl3,217970.0,218833.0
218827,22,857.0,286.0,rpl3,217970.0,218833.0
218828,31,858.0,286.0,rpl3,217970.0,218833.0
218828,35,858.0,286.0,rpl3,217970.0,218833.0
218828,32,858.0,286.0,rpl3,217970.0,218833.0
218828,57,858.0,286.0,rpl3,217970.0,218833.0
218828,38,858.0,286.0,rpl3,217970.0,218833.0
218828,28,858.0,286.0,rpl3,217970.0,218833.0
218828,50,858.0,286.0,rpl3,217970.0,218833.0
280960,25,40.0,13.0,rps18,280920.0,281234.0
280960,21,40.0,13.0,rps18,280920.0,281234.0
280992,24,72.0,24.0,rps18,280920.0,281234.0
280992,39,72.0,24.0,rps18,280920.0,281234.0
281194,59,274.0,91.0,rps18,280920.0,281234.0
281194,30,274.0,91.0,rps18,280920.0,281234.0
281194,58,274.0,91.0,rps18,280920.0,281234.0
281202,344,282.0,94.0,rps18,280920.0,281234.0
281202,307,282.0,94.0,rps18,280920.0,281234.0
281202,174,282.0,94.0,rps18,280920.0,281234.0
281202,140,282.0,94.0,rps18,280920.0,281234.0
281202,306,282.0,94.0,rps18,280920.0,281234.0
281202,84,282.0,94.0,rps18,280920.0,281234.0
281202,164,282.0,94.0,rps18,280920.0,281234.0
281202,130,282.0,94.0,rps18,280920.0,281234.0
281202,343,282.0,94.0,rps18,280920.0,281234.0
281202,79,282.0,94.0,rps18,280920.0,281234.0
281202,167,282.0,94.0,rps18,280920.0,281234.0
281202,158,282.0,94.0,rps18,280920.0,281234.0
281202,141,282.0,94.0,rps18,280920.0,281234.0
281202,161,282.0,94.0,rps18,280920.0,281234.0
281202,212,282.0,94.0,rps18,280920.0,281234.0
281202,153,282.0,94.0,rps18,280920.0,281234.0
281202,133,282.0,94.0,rps18,280920.0,281234.0
281202,216,282.0,94.0,rps18,280920.0,281234.0
281202,81,282.0,94.0,rps18,280920.0,281234.0
281202,72,282.0,94.0,rps18,280920.0,281234.0
281202,24,282.0,94.0,rps18,280920.0,281234.0
281202,105,282.0,94.0,rps18,280920.0,281234.0
281202,154,282.0,94.0,rps18,280920.0,281234.0
281202,69,282.0,94.0,rps18,280920.0,281234.0
281202,123,282.0,94.0,rps18,280920.0,281234.0
281202,139,282.0,94.0,rps18,280920.0,281234.0
281202,159,282.0,94.0,rps18,280920.0,281234.0
281202,209,282.0,94.0,rps18,280920.0,281234.0
281202,24,282.0,94.0,rps18,280920.0,281234.0
281202,89,282.0,94.0,rps18,280920.0,281234.0
281202,162,282.0,94.0,rps18,280920.0,281234.0
281202,140,282.0,94.0,rps18,280920.0,281234.0
281202,199,282.0,94.0,rps18,280920.0,281234.0
281202,143,282.0,94.0,rps18,280920.0,281234.0
281202,117,282.0,94.0,rps18,280920.0,281234.0
281202,110,282.0,94.0,rps18,280920.0,281234.0
281202,215,282.0,94.0,rps18,280920.0,281234.0
281202,152,282.0,94.0,rps18,280920.0,281234.0
281205,26,285.0,95.0,rps18,280920.0,281234.0
281205,20,285.0,95.0,rps18,280920.0,281234.0
281205,27,285.0,95.0,rps18,280920.0,281234.0
281205,29,285.0,95.0,rps18,280920.0,281234.0
281209,126,289.0,96.0,rps18,280920.0,281234.0
281209,46,289.0,96.0,rps18,280920.0,281234.0
281209,248,289.0,96.0,rps18,280920.0,281234.0
281209,150,289.0,96.0,rps18,280920.0,281234.0
281209,283,289.0,96.0,rps18,280920.0,281234.0
281209,479,289.0,96.0,rps18,280920.0,281234.0
281209,168,289.0,96.0,rps18,280920.0,281234.0
281209,141,289.0,96.0,rps18,280920.0,281234.0
281209,306,289.0,96.0,rps18,280920.0,281234.0
281209,249,289.0,96.0,rps18,280920.0,281234.0
281209,233,289.0,96.0,rps18,280920.0,281234.0
281209,254,289.0,96.0,rps18,280920.0,281234.0
281209,88,289.0,96.0,rps18,280920.0,281234.0
281209,245,289.0,96.0,rps18,280920.0,281234.0
281209,127,289.0,96.0,rps18,280920.0,281234.0
281209,409,289.0,96.0,rps18,280920.0,281234.0
281209,139,289.0,96.0,rps18,280920.0,281234.0
281209,86,289.0,96.0,rps18,280920.0,281234.0
281209,87,289.0,96.0,rps18,280920.0,281234.0
281209,140,289.0,96.0,rps18,280920.0,281234.0
281209,149,289.0,96.0,rps18,280920.0,281234.0
281209,139,289.0,96.0,rps18,280920.0,281234.0
281209,48,289.0,96.0,rps18,280920.0,281234.0
281209,78,289.0,96.0,rps18,280920.0,281234.0
281209,93,289.0,96.0,rps18,280920.0,281234.0
281209,128,289.0,96.0,rps18,280920.0,281234.0
281209,171,289.0,96.0,rps18,280920.0,281234.0
281209,69,289.0,96.0,rps18,280920.0,281234.0
281209,166,289.0,96.0,rps18,280920.0,281234.0
281209,411,289.0,96.0,rps18,280920.0,281234.0
281209,291,289.0,96.0,rps18,280920.0,281234.0
281209,204,289.0,96.0,rps18,280920.0,281234.0
281209,483,289.0,96.0,rps18,280920.0,281234.0
281209,48,289.0,96.0,rps18,280920.0,281234.0
281209,320,289.0,96.0,rps18,280920.0,281234.0
281209,305,289.0,96.0,rps18,280920.0,281234.0
281209,113,289.0,96.0,rps18,280920.0,281234.0
281209,165,289.0,96.0,rps18,280920.0,281234.0
281209,319,289.0,96.0,rps18,280920.0,281234.0
281209,253,289.0,96.0,rps18,280920.0,281234.0
281209,205,289.0,96.0,rps18,280920.0,281234.0
281209,252,289.0,96.0,rps18,280920.0,281234.0
281209,140,289.0,96.0,rps18,280920.0,281234.0
281210,85,290.0,97.0,rps18,280920.0,281234.0
281210,25,290.0,97.0,rps18,280920.0,281234.0
281210,56,290.0,97.0,rps18,280920.0,281234.0
281210,105,290.0,97.0,rps18,280920.0,281234.0
281210,69,290.0,97.0,rps18,280920.0,281234.0
281210,148,290.0,97.0,rps18,280920.0,281234.0
281210,107,290.0,97.0,rps18,280920.0,281234.0
281210,137,290.0,97.0,rps18,280920.0,281234.0
281210,84,290.0,97.0,rps18,280920.0,281234.0
281210,82,290.0,97.0,rps18,280920.0,281234.0
281210,61,290.0,97.0,rps18,280920.0,281234.0
281210,77,290.0,97.0,rps18,280920.0,281234.0
281210,88,290.0,97.0,rps18,280920.0,281234.0
281210,99,290.0,97.0,rps18,280920.0,281234.0
281210,86,290.0,97.0,rps18,280920.0,281234.0
281210,107,290.0,97.0,rps18,280920.0,281234.0
281210,102,290.0,97.0,rps18,280920.0,281234.0
281210,170,290.0,97.0,rps18,280920.0,281234.0
281210,171,290.0,97.0,rps18,280920.0,281234.0
281210,74,290.0,97.0,rps18,280920.0,281234.0
281210,110,290.0,97.0,rps18,280920.0,281234.0
281210,110,290.0,97.0,rps18,280920.0,281234.0
281210,124,290.0,97.0,rps18,280920.0,281234.0
281210,78,290.0,97.0,rps18,280920.0,281234.0
281210,73,290.0,97.0,rps18,280920.0,281234.0
281210,173,290.0,97.0,rps18,280920.0,281234.0
281210,121,290.0,97.0,rps18,280920.0,281234.0
281210,25,290.0,97.0,rps18,280920.0,281234.0
281210,88,290.0,97.0,rps18,280920.0,281234.0
281210,169,290.0,97.0,rps18,280920.0,281234.0
281210,109,290.0,97.0,rps18,280920.0,281234.0
281210,65,290.0,97.0,rps18,280920.0,281234.0
281210,22,290.0,97.0,rps18,280920.0,281234.0
281210,87,290.0,97.0,rps18,280920.0,281234.0
281210,68,290.0,97.0,rps18,280920.0,281234.0
281210,100,290.0,97.0,rps18,280920.0,281234.0
281210,142,290.0,97.0,rps18,280920.0,281234.0
281211,46,291.0,97.0,rps18,280920.0,281234.0
281211,190,291.0,97.0,rps18,280920.0,281234.0
281211,147,291.0,97.0,rps18,280920.0,281234.0
281211,42,291.0,97.0,rps18,280920.0,281234.0
281211,69,291.0,97.0,rps18,280920.0,281234.0
281211,79,291.0,97.0,rps18,280920.0,281234.0
281211,146,291.0,97.0,rps18,280920.0,281234.0
281211,55,291.0,97.0,rps18,280920.0,281234.0
281211,277,291.0,97.0,rps18,280920.0,281234.0
281211,108,291.0,97.0,rps18,280920.0,281234.0
281211,40,291.0,97.0,rps18,280920.0,281234.0
281211,472,291.0,97.0,rps18,280920.0,281234.0
281211,46,291.0,97.0,rps18,280920.0,281234.0
281211,96,291.0,97.0,rps18,280920.0,281234.0
281211,39,291.0,97.0,rps18,280920.0,281234.0
281211,36,291.0,97.0,rps18,280920.0,281234.0
281211,50,291.0,97.0,rps18,280920.0,281234.0
281211,114,291.0,97.0,rps18,280920.0,281234.0
281211,42,291.0,97.0,rps18,280920.0,281234.0
281211,53,291.0,97.0,rps18,280920.0,281234.0
281211,475,291.0,97.0,rps18,280920.0,281234.0
281211,97,291.0,97.0,rps18,280920.0,281234.0
281211,56,291.0,97.0,rps18,280920.0,281234.0
281211,170,291.0,97.0,rps18,280920.0,281234.0
281211,51,291.0,97.0,rps18,280920.0,281234.0
281211,203,291.0,97.0,rps18,280920.0,281234.0
281211,56,291.0,97.0,rps18,280920.0,281234.0
281211,64,291.0,97.0,rps18,280920.0,281234.0
281211,44,291.0,97.0,rps18,280920.0,281234.0
281211,81,291.0,97.0,rps18,280920.0,281234.0
281211,37,291.0,97.0,rps18,280920.0,281234.0
281211,94,291.0,97.0,rps18,280920.0,281234.0
281211,145,291.0,97.0,rps18,280920.0,281234.0
281211,95,291.0,97.0,rps18,280920.0,281234.0
281212,23,292.0,97.0,rps18,280920.0,281234.0
281214,48,294.0,98.0,rps18,280920.0,281234.0
281214,31,294.0,98.0,rps18,280920.0,281234.0
281215,237,295.0,98.0,rps18,280920.0,281234.0
281215,92,295.0,98.0,rps18,280920.0,281234.0
281216,45,296.0,99.0,rps18,280920.0,281234.0
281216,42,296.0,99.0,rps18,280920.0,281234.0
281216,43,296.0,99.0,rps18,280920.0,281234.0
281217,151,297.0,99.0,rps18,280920.0,281234.0
281217,192,297.0,99.0,rps18,280920.0,281234.0
281217,169,297.0,99.0,rps18,280920.0,281234.0
281217,161,297.0,99.0,rps18,280920.0,281234.0
281217,112,297.0,99.0,rps18,280920.0,281234.0
281217,131,297.0,99.0,rps18,280920.0,281234.0
281217,148,297.0,99.0,rps18,280920.0,281234.0
281217,131,297.0,99.0,rps18,280920.0,281234.0
281217,117,297.0,99.0,rps18,280920.0,281234.0
281217,237,297.0,99.0,rps18,280920.0,281234.0
281217,217,297.0,99.0,rps18,280920.0,281234.0
281217,158,297.0,99.0,rps18,280920.0,281234.0
281217,164,297.0,99.0,rps18,280920.0,281234.0
281217,321,297.0,99.0,rps18,280920.0,281234.0
281217,138,297.0,99.0,rps18,280920.0,281234.0
281217,170,297.0,99.0,rps18,280920.0,281234.0
281217,172,297.0,99.0,rps18,280920.0,281234.0
281217,199,297.0,99.0,rps18,280920.0,281234.0
281217,93,297.0,99.0,rps18,280920.0,281234.0
281217,191,297.0,99.0,rps18,280920.0,281234.0
281217,330,297.0,99.0,rps18,280920.0,281234.0
281217,200,297.0,99.0,rps18,280920.0,281234.0
281217,175,297.0,99.0,rps18,280920.0,281234.0
281217,108,297.0,99.0,rps18,280920.0,281234.0
281217,179,297.0,99.0,rps18,280920.0,281234.0
281217,239,297.0,99.0,rps18,280920.0,281234.0
281217,143,297.0,99.0,rps18,280920.0,281234.0
281217,125,297.0,99.0,rps18,280920.0,281234.0
281217,209,297.0,99.0,rps18,280920.0,281234.0
281217,173,297.0,99.0,rps18,280920.0,281234.0
281217,69,297.0,99.0,rps18,280920.0,281234.0
281217,282,297.0,99.0,rps18,280920.0,281234.0
281217,167,297.0,99.0,rps18,280920.0,281234.0
281217,105,297.0,99.0,rps18,280920.0,281234.0
281217,30,297.0,99.0,rps18,280920.0,281234.0
281217,30,297.0,99.0,rps18,280920.0,281234.0
281217,112,297.0,99.0,rps18,280920.0,281234.0
281217,188,297.0,99.0,rps18,280920.0,281234.0
281217,27,297.0,99.0,rps18,280920.0,281234.0
281217,147,297.0,99.0,rps18,280920.0,281234.0
281217,93,297.0,99.0,rps18,280920.0,281234.0
281217,149,297.0,99.0,rps18,280920.0,281234.0
281217,165,297.0,99.0,rps18,280920.0,281234.0
281218,88,298.0,99.0,rps18,280920.0,281234.0
281218,73,298.0,99.0,rps18,280920.0,281234.0
281218,660,298.0,99.0,rps18,280920.0,281234.0
281218,114,298.0,99.0,rps18,280920.0,281234.0
281218,96,298.0,99.0,rps18,280920.0,281234.0
281218,142,298.0,99.0,rps18,280920.0,281234.0
281218,689,298.0,99.0,rps18,280920.0,281234.0
281218,76,298.0,99.0,rps18,280920.0,281234.0
281218,129,298.0,99.0,rps18,280920.0,281234.0
281218,22,298.0,99.0,rps18,280920.0,281234.0
281218,106,298.0,99.0,rps18,280920.0,281234.0
281218,337,298.0,99.0,rps18,280920.0,281234.0
281218,74,298.0,99.0,rps18,280920.0,281234.0
281218,191,298.0,99.0,rps18,280920.0,281234.0
281218,100,298.0,99.0,rps18,280920.0,281234.0
281218,86,298.0,99.0,rps18,280920.0,281234.0
281218,214,298.0,99.0,rps18,280920.0,281234.0
281218,107,298.0,99.0,rps18,280920.0,281234.0
281218,85,298.0,99.0,rps18,280920.0,281234.0
281218,190,298.0,99.0,rps18,280920.0,281234.0
281218,93,298.0,99.0,rps18,280920.0,281234.0
281218,134,298.0,99.0,rps18,280920.0,281234.0
281218,115,298.0,99.0,rps18,280920.0,281234.0
281218,336,298.0,99.0,rps18,280920.0,281234.0
281218,63,298.0,99.0,rps18,280920.0,281234.0
281218,29,298.0,99.0,rps18,280920.0,281234.0
281218,87,298.0,99.0,rps18,280920.0,281234.0
281218,57,298.0,99.0,rps18,280920.0,281234.0
281218,59,298.0,99.0,rps18,280920.0,281234.0
281218,65,298.0,99.0,rps18,280920.0,281234.0
281218,192,298.0,99.0,rps18,280920.0,281234.0
281218,585,298.0,99.0,rps18,280920.0,281234.0
281218,29,298.0,99.0,rps18,280920.0,281234.0
281218,64,298.0,99.0,rps18,280920.0,281234.0
281218,54,298.0,99.0,rps18,280920.0,281234.0
281218,89,298.0,99.0,rps18,280920.0,281234.0
281218,88,298.0,99.0,rps18,280920.0,281234.0
281218,97,298.0,99.0,rps18,280920.0,281234.0
281218,68,298.0,99.0,rps18,280920.0,281234.0
281219,41,299.0,100.0,rps18,280920.0,281234.0
281219,24,299.0,100.0,rps18,280920.0,281234.0
281219,44,299.0,100.0,rps18,280920.0,281234.0
281219,36,299.0,100.0,rps18,280920.0,281234.0
281219,33,299.0,100.0,rps18,280920.0,281234.0
281221,46,301.0,100.0,rps18,280920.0,281234.0
281221,32,301.0,100.0,rps18,280920.0,281234.0
281221,21,301.0,100.0,rps18,280920.0,281234.0
281221,56,301.0,100.0,rps18,280920.0,281234.0
281221,34,301.0,100.0,rps18,280920.0,281234.0
281221,77,301.0,100.0,rps18,280920.0,281234.0
281221,37,301.0,100.0,rps18,280920.0,281234.0
281221,22,301.0,100.0,rps18,280920.0,281234.0
281221,46,301.0,100.0,rps18,280920.0,281234.0
281221,27,301.0,100.0,rps18,280920.0,281234.0
281221,34,301.0,100.0,rps18,280920.0,281234.0
281221,36,301.0,100.0,rps18,280920.0,281234.0
281222,61,302.0,101.0,rps18,280920.0,281234.0
281222,57,302.0,101.0,rps18,280920.0,281234.0
281222,55,302.0,101.0,rps18,280920.0,281234.0
281222,21,302.0,101.0,rps18,280920.0,281234.0
281222,38,302.0,101.0,rps18,280920.0,281234.0
281222,20,302.0,101.0,rps18,280920.0,281234.0
281223,25,303.0,101.0,rps18,280920.0,281234.0
281223,24,303.0,101.0,rps18,280920.0,281234.0
281223,26,303.0,101.0,rps18,280920.0,281234.0
281223,50,303.0,101.0,rps18,280920.0,281234.0
281223,31,303.0,101.0,rps18,280920.0,281234.0
281223,77,303.0,101.0,rps18,280920.0,281234.0
281223,33,303.0,101.0,rps18,280920.0,281234.0
281223,89,303.0,101.0,rps18,280920.0,281234.0
281223,63,303.0,101.0,rps18,280920.0,281234.0
281223,94,303.0,101.0,rps18,280920.0,281234.0
281223,70,303.0,101.0,rps18,280920.0,281234.0
281223,27,303.0,101.0,rps18,280920.0,281234.0
281223,32,303.0,101.0,rps18,280920.0,281234.0
281223,24,303.0,101.0,rps18,280920.0,281234.0
281224,59,304.0,101.0,rps18,280920.0,281234.0
281224,107,304.0,101.0,rps18,280920.0,281234.0
281224,53,304.0,101.0,rps18,280920.0,281234.0
281224,82,304.0,101.0,rps18,280920.0,281234.0
281224,43,304.0,101.0,rps18,280920.0,281234.0
281224,73,304.0,101.0,rps18,280920.0,281234.0
281224,90,304.0,101.0,rps18,280920.0,281234.0
281224,126,304.0,101.0,rps18,280920.0,281234.0
281224,70,304.0,101.0,rps18,280920.0,281234.0
281224,43,304.0,101.0,rps18,280920.0,281234.0
281224,57,304.0,101.0,rps18,280920.0,281234.0
281224,29,304.0,101.0,rps18,280920.0,281234.0
281224,53,304.0,101.0,rps18,280920.0,281234.0
281224,81,304.0,101.0,rps18,280920.0,281234.0
281224,84,304.0,101.0,rps18,280920.0,281234.0
281224,74,304.0,101.0,rps18,280920.0,281234.0
281224,28,304.0,101.0,rps18,280920.0,281234.0
281224,56,304.0,101.0,rps18,280920.0,281234.0
281224,49,304.0,101.0,rps18,280920.0,281234.0
281224,32,304.0,101.0,rps18,280920.0,281234.0
281224,68,304.0,101.0,rps18,280920.0,281234.0
281224,75,304.0,101.0,rps18,280920.0,281234.0
281224,36,304.0,101.0,rps18,280920.0,281234.0
281224,29,304.0,101.0,rps18,280920.0,281234.0
281224,108,304.0,101.0,rps18,280920.0,281234.0
281224,89,304.0,101.0,rps18,280920.0,281234.0
281224,75,304.0,101.0,rps18,280920.0,281234.0
281224,24,304.0,101.0,rps18,280920.0,281234.0
281224,54,304.0,101.0,rps18,280920.0,281234.0
281224,86,304.0,101.0,rps18,280920.0,281234.0
281224,69,304.0,101.0,rps18,280920.0,281234.0
281224,37,304.0,101.0,rps18,280920.0,281234.0
281224,62,304.0,101.0,rps18,280920.0,281234.0
281224,72,304.0,101.0,rps18,280920.0,281234.0
281224,125,304.0,101.0,rps18,280920.0,281234.0
281225,25,305.0,102.0,rps18,280920.0,281234.0
281225,23,305.0,102.0,rps18,280920.0,281234.0
281225,47,305.0,102.0,rps18,280920.0,281234.0
281225,101,305.0,102.0,rps18,280920.0,281234.0
281225,34,305.0,102.0,rps18,280920.0,281234.0
281225,112,305.0,102.0,rps18,280920.0,281234.0
281225,36,305.0,102.0,rps18,280920.0,281234.0
281225,68,305.0,102.0,rps18,280920.0,281234.0
281225,49,305.0,102.0,rps18,280920.0,281234.0
281225,28,305.0,102.0,rps18,280920.0,281234.0
281225,46,305.0,102.0,rps18,280920.0,281234.0
281225,42,305.0,102.0,rps18,280920.0,281234.0
281225,32,305.0,102.0,rps18,280920.0,281234.0
281225,105,305.0,102.0,rps18,280920.0,281234.0
281225,109,305.0,102.0,rps18,280920.0,281234.0
281225,27,305.0,102.0,rps18,280920.0,281234.0
281225,39,305.0,102.0,rps18,280920.0,281234.0
281225,41,305.0,102.0,rps18,280920.0,281234.0
281226,51,306.0,102.0,rps18,280920.0,281234.0
281226,22,306.0,102.0,rps18,280920.0,281234.0
281226,30,306.0,102.0,rps18,280920.0,281234.0
281226,57,306.0,102.0,rps18,280920.0,281234.0
281226,297,306.0,102.0,rps18,280920.0,281234.0
281226,155,306.0,102.0,rps18,280920.0,281234.0
281226,40,306.0,102.0,rps18,280920.0,281234.0
281226,187,306.0,102.0,rps18,280920.0,281234.0
281226,39,306.0,102.0,rps18,280920.0,281234.0
281226,302,306.0,102.0,rps18,280920.0,281234.0
281226,56,306.0,102.0,rps18,280920.0,281234.0
281226,52,306.0,102.0,rps18,280920.0,281234.0
281226,27,306.0,102.0,rps18,280920.0,281234.0
281226,329,306.0,102.0,rps18,280920.0,281234.0
281226,55,306.0,102.0,rps18,280920.0,281234.0
281226,160,306.0,102.0,rps18,280920.0,281234.0
281226,161,306.0,102.0,rps18,280920.0,281234.0
281226,22,306.0,102.0,rps18,280920.0,281234.0
281226,140,306.0,102.0,rps18,280920.0,281234.0
281226,20,306.0,102.0,rps18,280920.0,281234.0
281226,43,306.0,102.0,rps18,280920.0,281234.0
281228,38,308.0,103.0,rps18,280920.0,281234.0
281228,53,308.0,103.0,rps18,280920.0,281234.0
281228,51,308.0,103.0,rps18,280920.0,281234.0
281228,37,308.0,103.0,rps18,280920.0,281234.0
281228,35,308.0,103.0,rps18,280920.0,281234.0
281228,79,308.0,103.0,rps18,280920.0,281234.0
281228,38,308.0,103.0,rps18,280920.0,281234.0
281228,58,308.0,103.0,rps18,280920.0,281234.0
281228,52,308.0,103.0,rps18,280920.0,281234.0
281228,73,308.0,103.0,rps18,280920.0,281234.0
281228,46,308.0,103.0,rps18,280920.0,281234.0
281228,39,308.0,103.0,rps18,280920.0,281234.0
281228,54,308.0,103.0,rps18,280920.0,281234.0
281228,69,308.0,103.0,rps18,280920.0,281234.0
281228,44,308.0,103.0,rps18,280920.0,281234.0
281228,37,308.0,103.0,rps18,280920.0,281234.0
281228,31,308.0,103.0,rps18,280920.0,281234.0
281228,57,308.0,103.0,rps18,280920.0,281234.0
281228,43,308.0,103.0,rps18,280920.0,281234.0
281228,35,308.0,103.0,rps18,280920.0,281234.0
281228,32,308.0,103.0,rps18,280920.0,281234.0
281228,45,308.0,103.0,rps18,280920.0,281234.0
281230,54,310.0,103.0,rps18,280920.0,281234.0
281230,81,310.0,103.0,rps18,280920.0,281234.0
281230,29,310.0,103.0,rps18,280920.0,281234.0
281230,30,310.0,103.0,rps18,280920.0,281234.0
281230,25,310.0,103.0,rps18,280920.0,281234.0
281230,41,310.0,103.0,rps18,280920.0,281234.0
281230,82,310.0,103.0,rps18,280920.0,281234.0
281230,34,310.0,103.0,rps18,280920.0,281234.0
281230,21,310.0,103.0,rps18,280920.0,281234.0
281230,29,310.0,103.0,rps18,280920.0,281234.0
281230,20,310.0,103.0,rps18,280920.0,281234.0
281230,23,310.0,103.0,rps18,280920.0,281234.0
281230,40,310.0,103.0,rps18,280920.0,281234.0
281230,24,310.0,103.0,rps18,280920.0,281234.0
281230,39,310.0,103.0,rps18,280920.0,281234.0
281230,74,310.0,103.0,rps18,280920.0,281234.0
281231,52,311.0,104.0,rps18,280920.0,281234.0
281231,54,311.0,104.0,rps18,280920.0,281234.0
281231,98,311.0,104.0,rps18,280920.0,281234.0
281231,51,311.0,104.0,rps18,280920.0,281234.0
281231,42,311.0,104.0,rps18,280920.0,281234.0
281231,62,311.0,104.0,rps18,280920.0,281234.0
281231,67,311.0,104.0,rps18,280920.0,281234.0
281231,64,311.0,104.0,rps18,280920.0,281234.0
281231,48,311.0,104.0,rps18,280920.0,281234.0
281231,55,311.0,104.0,rps18,280920.0,281234.0
281231,50,311.0,104.0,rps18,280920.0,281234.0
281231,32,311.0,104.0,rps18,280920.0,281234.0
281231,22,311.0,104.0,rps18,280920.0,281234.0
281231,40,311.0,104.0,rps18,280920.0,281234.0
281231,69,311.0,104.0,rps18,280920.0,281234.0
281231,21,311.0,104.0,rps18,280920.0,281234.0
281231,89,311.0,104.0,rps18,280920.0,281234.0
281231,65,311.0,104.0,rps18,280920.0,281234.0
281231,34,311.0,104.0,rps18,280920.0,281234.0
281231,55,311.0,104.0,rps18,280920.0,281234.0
281231,125,311.0,104.0,rps18,280920.0,281234.0
281231,99,311.0,104.0,rps18,280920.0,281234.0
281231,56,311.0,104.0,rps18,280920.0,281234.0
281231,43,311.0,104.0,rps18,280920.0,281234.0
281231,68,311.0,104.0,rps18,280920.0,281234.0
281231,22,311.0,104.0,rps18,280920.0,281234.0
281231,37,311.0,104.0,rps18,280920.0,281234.0
281231,37,311.0,104.0,rps18,280920.0,281234.0
281231,70,311.0,104.0,rps18,280920.0,281234.0
281231,129,311.0,104.0,rps18,280920.0,281234.0
281231,47,311.0,104.0,rps18,280920.0,281234.0
281231,112,311.0,104.0,rps18,280920.0,281234.0
281232,73,312.0,104.0,rps18,280920.0,281234.0
281232,53,312.0,104.0,rps18,280920.0,281234.0
281232,48,312.0,104.0,rps18,280920.0,281234.0
281232,47,312.0,104.0,rps18,280920.0,281234.0
281232,50,312.0,104.0,rps18,280920.0,281234.0
281233,26,313.0,104.0,rps18,280920.0,281234.0
281233,108,313.0,104.0,rps18,280920.0,281234.0
281233,21,313.0,104.0,rps18,280920.0,281234.0
281233,126,313.0,104.0,rps18,280920.0,281234.0
281233,145,313.0,104.0,rps18,280920.0,281234.0
281233,60,313.0,104.0,rps18,280920.0,281234.0
281233,188,313.0,104.0,rps18,280920.0,281234.0
281233,27,313.0,104.0,rps18,280920.0,281234.0
281233,226,313.0,104.0,rps18,280920.0,281234.0
281233,91,313.0,104.0,rps18,280920.0,281234.0
281233,91,313.0,104.0,rps18,280920.0,281234.0
281233,46,313.0,104.0,rps18,280920.0,281234.0
281233,30,313.0,104.0,rps18,280920.0,281234.0
281233,127,313.0,104.0,rps18,280920.0,281234.0
281233,139,313.0,104.0,rps18,280920.0,281234.0
281233,50,313.0,104.0,rps18,280920.0,281234.0
281233,36,313.0,104.0,rps18,280920.0,281234.0
281233,32,313.0,104.0,rps18,280920.0,281234.0
281233,216,313.0,104.0,rps18,280920.0,281234.0
281233,187,313.0,104.0,rps18,280920.0,281234.0
281233,109,313.0,104.0,rps18,280920.0,281234.0
281233,116,313.0,104.0,rps18,280920.0,281234.0
281233,89,313.0,104.0,rps18,280920.0,281234.0
281233,80,313.0,104.0,rps18,280920.0,281234.0
281233,82,313.0,104.0,rps18,280920.0,281234.0
281233,25,313.0,104.0,rps18,280920.0,281234.0
281233,22,313.0,104.0,rps18,280920.0,281234.0
281233,45,313.0,104.0,rps18,280920.0,281234.0
281233,92,313.0,104.0,rps18,280920.0,281234.0
281233,96,313.0,104.0,rps18,280920.0,281234.0
281233,60,313.0,104.0,rps18,280920.0,281234.0
281233,88,313.0,104.0,rps18,280920.0,281234.0
281234,51,314.0,105.0,rps18,280920.0,281234.0
281234,33,314.0,105.0,rps18,280920.0,281234.0
281234,66,314.0,105.0,rps18,280920.0,281234.0
281234,55,314.0,105.0,rps18,280920.0,281234.0
281234,28,314.0,105.0,rps18,280920.0,281234.0
281234,36,314.0,105.0,rps18,280920.0,281234.0
281234,60,314.0,105.0,rps18,280920.0,281234.0
279783,467,0.0,0.0,rps6,279783.0,280430.0
279783,475,0.0,0.0,rps6,279783.0,280430.0
279783,473,0.0,0.0,rps6,279783.0,280430.0
279783,304,0.0,0.0,rps6,279783.0,280430.0
279783,51,0.0,0.0,rps6,279783.0,280430.0
279783,520,0.0,0.0,rps6,279783.0,280430.0
279783,85,0.0,0.0,rps6,279783.0,280430.0
279783,436,0.0,0.0,rps6,279783.0,280430.0
279783,433,0.0,0.0,rps6,279783.0,280430.0
279783,293,0.0,0.0,rps6,279783.0,280430.0
279783,57,0.0,0.0,rps6,279783.0,280430.0
279783,70,0.0,0.0,rps6,279783.0,280430.0
279783,348,0.0,0.0,rps6,279783.0,280430.0
279783,148,0.0,0.0,rps6,279783.0,280430.0
279783,313,0.0,0.0,rps6,279783.0,280430.0
279783,351,0.0,0.0,rps6,279783.0,280430.0
279783,290,0.0,0.0,rps6,279783.0,280430.0
279783,311,0.0,0.0,rps6,279783.0,280430.0
279783,417,0.0,0.0,rps6,279783.0,280430.0
279783,478,0.0,0.0,rps6,279783.0,280430.0
279783,451,0.0,0.0,rps6,279783.0,280430.0
279783,521,0.0,0.0,rps6,279783.0,280430.0
279783,244,0.0,0.0,rps6,279783.0,280430.0
279783,466,0.0,0.0,rps6,279783.0,280430.0
279783,434,0.0,0.0,rps6,279783.0,280430.0
279783,68,0.0,0.0,rps6,279783.0,280430.0
279783,315,0.0,0.0,rps6,279783.0,280430.0
279783,450,0.0,0.0,rps6,279783.0,280430.0
279783,431,0.0,0.0,rps6,279783.0,280430.0
279783,249,0.0,0.0,rps6,279783.0,280430.0
279783,214,0.0,0.0,rps6,279783.0,280430.0
279783,259,0.0,0.0,rps6,279783.0,280430.0
279783,307,0.0,0.0,rps6,279783.0,280430.0
279783,85,0.0,0.0,rps6,279783.0,280430.0
279783,219,0.0,0.0,rps6,279783.0,280430.0
279783,317,0.0,0.0,rps6,279783.0,280430.0
279783,68,0.0,0.0,rps6,279783.0,280430.0
279783,306,0.0,0.0,rps6,279783.0,280430.0
279783,387,0.0,0.0,rps6,279783.0,280430.0
279783,184,0.0,0.0,rps6,279783.0,280430.0
279783,297,0.0,0.0,rps6,279783.0,280430.0
279783,298,0.0,0.0,rps6,279783.0,280430.0
279783,214,0.0,0.0,rps6,279783.0,280430.0
279783,33,0.0,0.0,rps6,279783.0,280430.0
279783,213,0.0,0.0,rps6,279783.0,280430.0
279783,349,0.0,0.0,rps6,279783.0,280430.0
279783,305,0.0,0.0,rps6,279783.0,280430.0
279783,130,0.0,0.0,rps6,279783.0,280430.0
279784,28,1.0,0.0,rps6,279783.0,280430.0
279784,28,1.0,0.0,rps6,279783.0,280430.0
279784,35,1.0,0.0,rps6,279783.0,280430.0
279784,21,1.0,0.0,rps6,279783.0,280430.0
279784,40,1.0,0.0,rps6,279783.0,280430.0
279784,23,1.0,0.0,rps6,279783.0,280430.0
279784,33,1.0,0.0,rps6,279783.0,280430.0
279784,44,1.0,0.0,rps6,279783.0,280430.0
279784,41,1.0,0.0,rps6,279783.0,280430.0
279784,57,1.0,0.0,rps6,279783.0,280430.0
279784,27,1.0,0.0,rps6,279783.0,280430.0
279784,27,1.0,0.0,rps6,279783.0,280430.0
279784,24,1.0,0.0,rps6,279783.0,280430.0
279784,26,1.0,0.0,rps6,279783.0,280430.0
279784,31,1.0,0.0,rps6,279783.0,280430.0
279784,34,1.0,0.0,rps6,279783.0,280430.0
279784,22,1.0,0.0,rps6,279783.0,280430.0
279784,23,1.0,0.0,rps6,279783.0,280430.0
279784,48,1.0,0.0,rps6,279783.0,280430.0
279784,20,1.0,0.0,rps6,279783.0,280430.0
279785,58,2.0,1.0,rps6,279783.0,280430.0
279785,77,2.0,1.0,rps6,279783.0,280430.0
279785,57,2.0,1.0,rps6,279783.0,280430.0
279785,37,2.0,1.0,rps6,279783.0,280430.0
279785,49,2.0,1.0,rps6,279783.0,280430.0
279786,261,3.0,1.0,rps6,279783.0,280430.0
279786,160,3.0,1.0,rps6,279783.0,280430.0
279786,161,3.0,1.0,rps6,279783.0,280430.0
279786,231,3.0,1.0,rps6,279783.0,280430.0
279786,271,3.0,1.0,rps6,279783.0,280430.0
279786,106,3.0,1.0,rps6,279783.0,280430.0
280078,37,295.0,98.0,rps6,279783.0,280430.0
280078,37,295.0,98.0,rps6,279783.0,280430.0
280078,28,295.0,98.0,rps6,279783.0,280430.0
280229,23,446.0,149.0,rps6,279783.0,280430.0
280229,23,446.0,149.0,rps6,279783.0,280430.0
280286,36,503.0,168.0,rps6,279783.0,280430.0
280286,36,503.0,168.0,rps6,279783.0,280430.0
280286,21,503.0,168.0,rps6,279783.0,280430.0
280401,22,618.0,206.0,rps6,279783.0,280430.0
280401,20,618.0,206.0,rps6,279783.0,280430.0
280423,21,640.0,213.0,rps6,279783.0,280430.0
280424,20,641.0,214.0,rps6,279783.0,280430.0
280424,29,641.0,214.0,rps6,279783.0,280430.0
280424,27,641.0,214.0,rps6,279783.0,280430.0
280424,82,641.0,214.0,rps6,279783.0,280430.0
280424,85,641.0,214.0,rps6,279783.0,280430.0
280424,25,641.0,214.0,rps6,279783.0,280430.0
280424,22,641.0,214.0,rps6,279783.0,280430.0
280424,77,641.0,214.0,rps6,279783.0,280430.0
280430,54,647.0,216.0,rps6,279783.0,280430.0
280430,58,647.0,216.0,rps6,279783.0,280430.0
280430,64,647.0,216.0,rps6,279783.0,280430.0
226405,162,0.0,0.0,rps5,226405.0,227064.0
226405,67,0.0,0.0,rps5,226405.0,227064.0
226405,148,0.0,0.0,rps5,226405.0,227064.0
226405,57,0.0,0.0,rps5,226405.0,227064.0
226405,163,0.0,0.0,rps5,226405.0,227064.0
226405,149,0.0,0.0,rps5,226405.0,227064.0
226406,26,1.0,0.0,rps5,226405.0,227064.0
226406,30,1.0,0.0,rps5,226405.0,227064.0
226406,27,1.0,0.0,rps5,226405.0,227064.0
226406,23,1.0,0.0,rps5,226405.0,227064.0
226406,111,1.0,0.0,rps5,226405.0,227064.0
226406,246,1.0,0.0,rps5,226405.0,227064.0
226406,20,1.0,0.0,rps5,226405.0,227064.0
226406,33,1.0,0.0,rps5,226405.0,227064.0
226406,34,1.0,0.0,rps5,226405.0,227064.0
226406,35,1.0,0.0,rps5,226405.0,227064.0
226406,29,1.0,0.0,rps5,226405.0,227064.0
226406,160,1.0,0.0,rps5,226405.0,227064.0
226406,135,1.0,0.0,rps5,226405.0,227064.0
226406,33,1.0,0.0,rps5,226405.0,227064.0
226406,29,1.0,0.0,rps5,226405.0,227064.0
226406,22,1.0,0.0,rps5,226405.0,227064.0
226406,24,1.0,0.0,rps5,226405.0,227064.0
226406,130,1.0,0.0,rps5,226405.0,227064.0
226406,28,1.0,0.0,rps5,226405.0,227064.0
226406,25,1.0,0.0,rps5,226405.0,227064.0
226406,23,1.0,0.0,rps5,226405.0,227064.0
226406,30,1.0,0.0,rps5,226405.0,227064.0
226407,22,2.0,1.0,rps5,226405.0,227064.0
226407,83,2.0,1.0,rps5,226405.0,227064.0
226407,51,2.0,1.0,rps5,226405.0,227064.0
226407,32,2.0,1.0,rps5,226405.0,227064.0
226407,93,2.0,1.0,rps5,226405.0,227064.0
226407,29,2.0,1.0,rps5,226405.0,227064.0
226407,43,2.0,1.0,rps5,226405.0,227064.0
226407,23,2.0,1.0,rps5,226405.0,227064.0
226407,52,2.0,1.0,rps5,226405.0,227064.0
226407,32,2.0,1.0,rps5,226405.0,227064.0
226407,89,2.0,1.0,rps5,226405.0,227064.0
226407,26,2.0,1.0,rps5,226405.0,227064.0
226407,25,2.0,1.0,rps5,226405.0,227064.0
226410,95,5.0,2.0,rps5,226405.0,227064.0
226410,27,5.0,2.0,rps5,226405.0,227064.0
226410,62,5.0,2.0,rps5,226405.0,227064.0
226410,77,5.0,2.0,rps5,226405.0,227064.0
226410,61,5.0,2.0,rps5,226405.0,227064.0
226410,129,5.0,2.0,rps5,226405.0,227064.0
226410,118,5.0,2.0,rps5,226405.0,227064.0
226410,25,5.0,2.0,rps5,226405.0,227064.0
226410,25,5.0,2.0,rps5,226405.0,227064.0
226410,40,5.0,2.0,rps5,226405.0,227064.0
226410,123,5.0,2.0,rps5,226405.0,227064.0
226410,44,5.0,2.0,rps5,226405.0,227064.0
226410,21,5.0,2.0,rps5,226405.0,227064.0
227017,49,612.0,204.0,rps5,226405.0,227064.0
227017,81,612.0,204.0,rps5,226405.0,227064.0
227017,93,612.0,204.0,rps5,226405.0,227064.0
227017,55,612.0,204.0,rps5,226405.0,227064.0
227017,80,612.0,204.0,rps5,226405.0,227064.0
227030,28,625.0,208.0,rps5,226405.0,227064.0
227032,67,627.0,209.0,rps5,226405.0,227064.0
227032,491,627.0,209.0,rps5,226405.0,227064.0
227032,492,627.0,209.0,rps5,226405.0,227064.0
227032,50,627.0,209.0,rps5,226405.0,227064.0
227032,52,627.0,209.0,rps5,226405.0,227064.0
227032,320,627.0,209.0,rps5,226405.0,227064.0
227032,231,627.0,209.0,rps5,226405.0,227064.0
227032,56,627.0,209.0,rps5,226405.0,227064.0
227032,67,627.0,209.0,rps5,226405.0,227064.0
227032,35,627.0,209.0,rps5,226405.0,227064.0
227032,39,627.0,209.0,rps5,226405.0,227064.0
227032,42,627.0,209.0,rps5,226405.0,227064.0
227032,47,627.0,209.0,rps5,226405.0,227064.0
227032,50,627.0,209.0,rps5,226405.0,227064.0
227032,20,627.0,209.0,rps5,226405.0,227064.0
227032,35,627.0,209.0,rps5,226405.0,227064.0
227032,61,627.0,209.0,rps5,226405.0,227064.0
227032,210,627.0,209.0,rps5,226405.0,227064.0
227032,60,627.0,209.0,rps5,226405.0,227064.0
227032,240,627.0,209.0,rps5,226405.0,227064.0
227036,26,631.0,210.0,rps5,226405.0,227064.0
227036,48,631.0,210.0,rps5,226405.0,227064.0
227036,47,631.0,210.0,rps5,226405.0,227064.0
227036,56,631.0,210.0,rps5,226405.0,227064.0
227036,59,631.0,210.0,rps5,226405.0,227064.0
227036,27,631.0,210.0,rps5,226405.0,227064.0
227038,28,633.0,211.0,rps5,226405.0,227064.0
227038,182,633.0,211.0,rps5,226405.0,227064.0
227038,43,633.0,211.0,rps5,226405.0,227064.0
227038,192,633.0,211.0,rps5,226405.0,227064.0
227038,75,633.0,211.0,rps5,226405.0,227064.0
227038,38,633.0,211.0,rps5,226405.0,227064.0
227038,77,633.0,211.0,rps5,226405.0,227064.0
227038,24,633.0,211.0,rps5,226405.0,227064.0
227038,63,633.0,211.0,rps5,226405.0,227064.0
227038,31,633.0,211.0,rps5,226405.0,227064.0
227038,23,633.0,211.0,rps5,226405.0,227064.0
227038,28,633.0,211.0,rps5,226405.0,227064.0
227038,165,633.0,211.0,rps5,226405.0,227064.0
227039,162,634.0,211.0,rps5,226405.0,227064.0
227039,39,634.0,211.0,rps5,226405.0,227064.0
227039,30,634.0,211.0,rps5,226405.0,227064.0
227039,119,634.0,211.0,rps5,226405.0,227064.0
227039,24,634.0,211.0,rps5,226405.0,227064.0
227039,267,634.0,211.0,rps5,226405.0,227064.0
227039,37,634.0,211.0,rps5,226405.0,227064.0
227039,171,634.0,211.0,rps5,226405.0,227064.0
227039,40,634.0,211.0,rps5,226405.0,227064.0
227039,103,634.0,211.0,rps5,226405.0,227064.0
227039,36,634.0,211.0,rps5,226405.0,227064.0
227039,127,634.0,211.0,rps5,226405.0,227064.0
227039,28,634.0,211.0,rps5,226405.0,227064.0
227039,182,634.0,211.0,rps5,226405.0,227064.0
227039,284,634.0,211.0,rps5,226405.0,227064.0
227039,258,634.0,211.0,rps5,226405.0,227064.0
227039,181,634.0,211.0,rps5,226405.0,227064.0
227039,33,634.0,211.0,rps5,226405.0,227064.0
227039,37,634.0,211.0,rps5,226405.0,227064.0
227039,35,634.0,211.0,rps5,226405.0,227064.0
227039,172,634.0,211.0,rps5,226405.0,227064.0
227040,164,635.0,212.0,rps5,226405.0,227064.0
227040,89,635.0,212.0,rps5,226405.0,227064.0
227040,262,635.0,212.0,rps5,226405.0,227064.0
227040,43,635.0,212.0,rps5,226405.0,227064.0
227040,249,635.0,212.0,rps5,226405.0,227064.0
227040,223,635.0,212.0,rps5,226405.0,227064.0
227040,221,635.0,212.0,rps5,226405.0,227064.0
227040,323,635.0,212.0,rps5,226405.0,227064.0
227040,116,635.0,212.0,rps5,226405.0,227064.0
227040,112,635.0,212.0,rps5,226405.0,227064.0
227040,51,635.0,212.0,rps5,226405.0,227064.0
227040,168,635.0,212.0,rps5,226405.0,227064.0
227040,240,635.0,212.0,rps5,226405.0,227064.0
227040,341,635.0,212.0,rps5,226405.0,227064.0
227040,82,635.0,212.0,rps5,226405.0,227064.0
227040,69,635.0,212.0,rps5,226405.0,227064.0
227040,113,635.0,212.0,rps5,226405.0,227064.0
227040,50,635.0,212.0,rps5,226405.0,227064.0
227040,84,635.0,212.0,rps5,226405.0,227064.0
227040,159,635.0,212.0,rps5,226405.0,227064.0
227040,320,635.0,212.0,rps5,226405.0,227064.0
227040,171,635.0,212.0,rps5,226405.0,227064.0
227040,69,635.0,212.0,rps5,226405.0,227064.0
227040,186,635.0,212.0,rps5,226405.0,227064.0
227040,339,635.0,212.0,rps5,226405.0,227064.0
227040,204,635.0,212.0,rps5,226405.0,227064.0
227040,112,635.0,212.0,rps5,226405.0,227064.0
227040,173,635.0,212.0,rps5,226405.0,227064.0
227040,250,635.0,212.0,rps5,226405.0,227064.0
227040,142,635.0,212.0,rps5,226405.0,227064.0
227040,174,635.0,212.0,rps5,226405.0,227064.0
227040,187,635.0,212.0,rps5,226405.0,227064.0
227040,171,635.0,212.0,rps5,226405.0,227064.0
227040,115,635.0,212.0,rps5,226405.0,227064.0
227040,116,635.0,212.0,rps5,226405.0,227064.0
227040,50,635.0,212.0,rps5,226405.0,227064.0
227040,204,635.0,212.0,rps5,226405.0,227064.0
227040,87,635.0,212.0,rps5,226405.0,227064.0
227040,292,635.0,212.0,rps5,226405.0,227064.0
227040,124,635.0,212.0,rps5,226405.0,227064.0
227040,205,635.0,212.0,rps5,226405.0,227064.0
227040,307,635.0,212.0,rps5,226405.0,227064.0
227041,74,636.0,212.0,rps5,226405.0,227064.0
227041,95,636.0,212.0,rps5,226405.0,227064.0
227041,68,636.0,212.0,rps5,226405.0,227064.0
227041,31,636.0,212.0,rps5,226405.0,227064.0
227041,51,636.0,212.0,rps5,226405.0,227064.0
227041,97,636.0,212.0,rps5,226405.0,227064.0
227041,78,636.0,212.0,rps5,226405.0,227064.0
227041,69,636.0,212.0,rps5,226405.0,227064.0
227041,37,636.0,212.0,rps5,226405.0,227064.0
227041,29,636.0,212.0,rps5,226405.0,227064.0
227041,73,636.0,212.0,rps5,226405.0,227064.0
227041,36,636.0,212.0,rps5,226405.0,227064.0
227041,48,636.0,212.0,rps5,226405.0,227064.0
227042,33,637.0,212.0,rps5,226405.0,227064.0
227042,38,637.0,212.0,rps5,226405.0,227064.0
227042,34,637.0,212.0,rps5,226405.0,227064.0
227043,35,638.0,213.0,rps5,226405.0,227064.0
227043,39,638.0,213.0,rps5,226405.0,227064.0
227043,37,638.0,213.0,rps5,226405.0,227064.0
227044,118,639.0,213.0,rps5,226405.0,227064.0
227044,25,639.0,213.0,rps5,226405.0,227064.0
227044,123,639.0,213.0,rps5,226405.0,227064.0
227044,29,639.0,213.0,rps5,226405.0,227064.0
227044,32,639.0,213.0,rps5,226405.0,227064.0
227044,109,639.0,213.0,rps5,226405.0,227064.0
227045,130,640.0,213.0,rps5,226405.0,227064.0
227045,31,640.0,213.0,rps5,226405.0,227064.0
227045,61,640.0,213.0,rps5,226405.0,227064.0
227045,360,640.0,213.0,rps5,226405.0,227064.0
227045,112,640.0,213.0,rps5,226405.0,227064.0
227045,234,640.0,213.0,rps5,226405.0,227064.0
227045,96,640.0,213.0,rps5,226405.0,227064.0
227045,407,640.0,213.0,rps5,226405.0,227064.0
227045,127,640.0,213.0,rps5,226405.0,227064.0
227045,173,640.0,213.0,rps5,226405.0,227064.0
227045,215,640.0,213.0,rps5,226405.0,227064.0
227045,255,640.0,213.0,rps5,226405.0,227064.0
227045,55,640.0,213.0,rps5,226405.0,227064.0
227045,100,640.0,213.0,rps5,226405.0,227064.0
227045,163,640.0,213.0,rps5,226405.0,227064.0
227045,35,640.0,213.0,rps5,226405.0,227064.0
227045,278,640.0,213.0,rps5,226405.0,227064.0
227045,87,640.0,213.0,rps5,226405.0,227064.0
227045,87,640.0,213.0,rps5,226405.0,227064.0
227045,35,640.0,213.0,rps5,226405.0,227064.0
227045,144,640.0,213.0,rps5,226405.0,227064.0
227045,106,640.0,213.0,rps5,226405.0,227064.0
227045,39,640.0,213.0,rps5,226405.0,227064.0
227045,22,640.0,213.0,rps5,226405.0,227064.0
227045,256,640.0,213.0,rps5,226405.0,227064.0
227045,39,640.0,213.0,rps5,226405.0,227064.0
227045,147,640.0,213.0,rps5,226405.0,227064.0
227045,214,640.0,213.0,rps5,226405.0,227064.0
227045,139,640.0,213.0,rps5,226405.0,227064.0
227045,90,640.0,213.0,rps5,226405.0,227064.0
227045,101,640.0,213.0,rps5,226405.0,227064.0
227045,180,640.0,213.0,rps5,226405.0,227064.0
227045,372,640.0,213.0,rps5,226405.0,227064.0
227045,369,640.0,213.0,rps5,226405.0,227064.0
227045,235,640.0,213.0,rps5,226405.0,227064.0
227045,192,640.0,213.0,rps5,226405.0,227064.0
227045,81,640.0,213.0,rps5,226405.0,227064.0
227045,285,640.0,213.0,rps5,226405.0,227064.0
227045,419,640.0,213.0,rps5,226405.0,227064.0
227045,158,640.0,213.0,rps5,226405.0,227064.0
227045,284,640.0,213.0,rps5,226405.0,227064.0
227045,108,640.0,213.0,rps5,226405.0,227064.0
227045,94,640.0,213.0,rps5,226405.0,227064.0
227045,72,640.0,213.0,rps5,226405.0,227064.0
227045,154,640.0,213.0,rps5,226405.0,227064.0
227047,50,642.0,214.0,rps5,226405.0,227064.0
227047,40,642.0,214.0,rps5,226405.0,227064.0
227047,31,642.0,214.0,rps5,226405.0,227064.0
227047,25,642.0,214.0,rps5,226405.0,227064.0
227047,27,642.0,214.0,rps5,226405.0,227064.0
227047,85,642.0,214.0,rps5,226405.0,227064.0
227047,36,642.0,214.0,rps5,226405.0,227064.0
227047,25,642.0,214.0,rps5,226405.0,227064.0
227047,44,642.0,214.0,rps5,226405.0,227064.0
227047,120,642.0,214.0,rps5,226405.0,227064.0
227047,77,642.0,214.0,rps5,226405.0,227064.0
227047,45,642.0,214.0,rps5,226405.0,227064.0
227047,20,642.0,214.0,rps5,226405.0,227064.0
227047,84,642.0,214.0,rps5,226405.0,227064.0
227047,91,642.0,214.0,rps5,226405.0,227064.0
227047,81,642.0,214.0,rps5,226405.0,227064.0
227047,92,642.0,214.0,rps5,226405.0,227064.0
227047,71,642.0,214.0,rps5,226405.0,227064.0
227047,78,642.0,214.0,rps5,226405.0,227064.0
227047,88,642.0,214.0,rps5,226405.0,227064.0
227047,28,642.0,214.0,rps5,226405.0,227064.0
227047,177,642.0,214.0,rps5,226405.0,227064.0
227047,176,642.0,214.0,rps5,226405.0,227064.0
227047,20,642.0,214.0,rps5,226405.0,227064.0
227047,79,642.0,214.0,rps5,226405.0,227064.0
227047,50,642.0,214.0,rps5,226405.0,227064.0
227047,29,642.0,214.0,rps5,226405.0,227064.0
227047,87,642.0,214.0,rps5,226405.0,227064.0
227047,29,642.0,214.0,rps5,226405.0,227064.0
227047,37,642.0,214.0,rps5,226405.0,227064.0
227048,71,643.0,214.0,rps5,226405.0,227064.0
227048,20,643.0,214.0,rps5,226405.0,227064.0
227048,61,643.0,214.0,rps5,226405.0,227064.0
227048,60,643.0,214.0,rps5,226405.0,227064.0
227048,76,643.0,214.0,rps5,226405.0,227064.0
227048,52,643.0,214.0,rps5,226405.0,227064.0
227048,35,643.0,214.0,rps5,226405.0,227064.0
227048,27,643.0,214.0,rps5,226405.0,227064.0
227048,21,643.0,214.0,rps5,226405.0,227064.0
227048,72,643.0,214.0,rps5,226405.0,227064.0
227050,106,645.0,215.0,rps5,226405.0,227064.0
227050,31,645.0,215.0,rps5,226405.0,227064.0
227050,21,645.0,215.0,rps5,226405.0,227064.0
227050,46,645.0,215.0,rps5,226405.0,227064.0
227050,32,645.0,215.0,rps5,226405.0,227064.0
227050,53,645.0,215.0,rps5,226405.0,227064.0
227050,110,645.0,215.0,rps5,226405.0,227064.0
227050,38,645.0,215.0,rps5,226405.0,227064.0
227050,120,645.0,215.0,rps5,226405.0,227064.0
227051,389,646.0,215.0,rps5,226405.0,227064.0
227051,206,646.0,215.0,rps5,226405.0,227064.0
227051,85,646.0,215.0,rps5,226405.0,227064.0
227051,80,646.0,215.0,rps5,226405.0,227064.0
227051,95,646.0,215.0,rps5,226405.0,227064.0
227051,49,646.0,215.0,rps5,226405.0,227064.0
227051,693,646.0,215.0,rps5,226405.0,227064.0
227051,207,646.0,215.0,rps5,226405.0,227064.0
227051,896,646.0,215.0,rps5,226405.0,227064.0
227051,121,646.0,215.0,rps5,226405.0,227064.0
227051,155,646.0,215.0,rps5,226405.0,227064.0
227051,84,646.0,215.0,rps5,226405.0,227064.0
227051,197,646.0,215.0,rps5,226405.0,227064.0
227051,199,646.0,215.0,rps5,226405.0,227064.0
227051,1004,646.0,215.0,rps5,226405.0,227064.0
227051,125,646.0,215.0,rps5,226405.0,227064.0
227051,1131,646.0,215.0,rps5,226405.0,227064.0
227051,150,646.0,215.0,rps5,226405.0,227064.0
227051,117,646.0,215.0,rps5,226405.0,227064.0
227051,102,646.0,215.0,rps5,226405.0,227064.0
227051,252,646.0,215.0,rps5,226405.0,227064.0
227051,43,646.0,215.0,rps5,226405.0,227064.0
227051,1095,646.0,215.0,rps5,226405.0,227064.0
227051,157,646.0,215.0,rps5,226405.0,227064.0
227051,393,646.0,215.0,rps5,226405.0,227064.0
227051,125,646.0,215.0,rps5,226405.0,227064.0
227051,117,646.0,215.0,rps5,226405.0,227064.0
227051,76,646.0,215.0,rps5,226405.0,227064.0
227051,108,646.0,215.0,rps5,226405.0,227064.0
227051,49,646.0,215.0,rps5,226405.0,227064.0
227051,109,646.0,215.0,rps5,226405.0,227064.0
227051,106,646.0,215.0,rps5,226405.0,227064.0
227051,1006,646.0,215.0,rps5,226405.0,227064.0
227051,120,646.0,215.0,rps5,226405.0,227064.0
227051,95,646.0,215.0,rps5,226405.0,227064.0
227051,156,646.0,215.0,rps5,226405.0,227064.0
227051,93,646.0,215.0,rps5,226405.0,227064.0
227051,363,646.0,215.0,rps5,226405.0,227064.0
227051,234,646.0,215.0,rps5,226405.0,227064.0
227051,364,646.0,215.0,rps5,226405.0,227064.0
227052,100,647.0,216.0,rps5,226405.0,227064.0
227052,49,647.0,216.0,rps5,226405.0,227064.0
227052,188,647.0,216.0,rps5,226405.0,227064.0
227052,55,647.0,216.0,rps5,226405.0,227064.0
227052,75,647.0,216.0,rps5,226405.0,227064.0
227052,161,647.0,216.0,rps5,226405.0,227064.0
227052,52,647.0,216.0,rps5,226405.0,227064.0
227052,27,647.0,216.0,rps5,226405.0,227064.0
227052,38,647.0,216.0,rps5,226405.0,227064.0
227052,222,647.0,216.0,rps5,226405.0,227064.0
227052,237,647.0,216.0,rps5,226405.0,227064.0
227052,54,647.0,216.0,rps5,226405.0,227064.0
227052,59,647.0,216.0,rps5,226405.0,227064.0
227052,159,647.0,216.0,rps5,226405.0,227064.0
227052,70,647.0,216.0,rps5,226405.0,227064.0
227052,35,647.0,216.0,rps5,226405.0,227064.0
227052,54,647.0,216.0,rps5,226405.0,227064.0
227052,85,647.0,216.0,rps5,226405.0,227064.0
227052,66,647.0,216.0,rps5,226405.0,227064.0
227052,53,647.0,216.0,rps5,226405.0,227064.0
227052,118,647.0,216.0,rps5,226405.0,227064.0
227052,36,647.0,216.0,rps5,226405.0,227064.0
227052,84,647.0,216.0,rps5,226405.0,227064.0
227052,24,647.0,216.0,rps5,226405.0,227064.0
227052,41,647.0,216.0,rps5,226405.0,227064.0
227052,72,647.0,216.0,rps5,226405.0,227064.0
227052,131,647.0,216.0,rps5,226405.0,227064.0
227052,218,647.0,216.0,rps5,226405.0,227064.0
227052,125,647.0,216.0,rps5,226405.0,227064.0
227052,43,647.0,216.0,rps5,226405.0,227064.0
227052,187,647.0,216.0,rps5,226405.0,227064.0
227052,70,647.0,216.0,rps5,226405.0,227064.0
227052,88,647.0,216.0,rps5,226405.0,227064.0
227052,163,647.0,216.0,rps5,226405.0,227064.0
227052,27,647.0,216.0,rps5,226405.0,227064.0
227052,129,647.0,216.0,rps5,226405.0,227064.0
227052,67,647.0,216.0,rps5,226405.0,227064.0
227052,50,647.0,216.0,rps5,226405.0,227064.0
227052,55,647.0,216.0,rps5,226405.0,227064.0
227052,62,647.0,216.0,rps5,226405.0,227064.0
227055,31,650.0,217.0,rps5,226405.0,227064.0
227055,37,650.0,217.0,rps5,226405.0,227064.0
227055,64,650.0,217.0,rps5,226405.0,227064.0
227055,134,650.0,217.0,rps5,226405.0,227064.0
227055,26,650.0,217.0,rps5,226405.0,227064.0
227055,35,650.0,217.0,rps5,226405.0,227064.0
227055,70,650.0,217.0,rps5,226405.0,227064.0
227055,66,650.0,217.0,rps5,226405.0,227064.0
227055,135,650.0,217.0,rps5,226405.0,227064.0
227055,24,650.0,217.0,rps5,226405.0,227064.0
227055,23,650.0,217.0,rps5,226405.0,227064.0
227055,112,650.0,217.0,rps5,226405.0,227064.0
227055,62,650.0,217.0,rps5,226405.0,227064.0
227055,27,650.0,217.0,rps5,226405.0,227064.0
227055,56,650.0,217.0,rps5,226405.0,227064.0
227055,46,650.0,217.0,rps5,226405.0,227064.0
227055,50,650.0,217.0,rps5,226405.0,227064.0
227056,31,651.0,217.0,rps5,226405.0,227064.0
227056,33,651.0,217.0,rps5,226405.0,227064.0
227056,58,651.0,217.0,rps5,226405.0,227064.0
227056,23,651.0,217.0,rps5,226405.0,227064.0
227056,56,651.0,217.0,rps5,226405.0,227064.0
227057,488,652.0,217.0,rps5,226405.0,227064.0
227057,868,652.0,217.0,rps5,226405.0,227064.0
227057,483,652.0,217.0,rps5,226405.0,227064.0
227057,405,652.0,217.0,rps5,226405.0,227064.0
227057,370,652.0,217.0,rps5,226405.0,227064.0
227057,545,652.0,217.0,rps5,226405.0,227064.0
227057,296,652.0,217.0,rps5,226405.0,227064.0
227057,566,652.0,217.0,rps5,226405.0,227064.0
227057,1440,652.0,217.0,rps5,226405.0,227064.0
227057,319,652.0,217.0,rps5,226405.0,227064.0
227057,1048,652.0,217.0,rps5,226405.0,227064.0
227057,520,652.0,217.0,rps5,226405.0,227064.0
227057,274,652.0,217.0,rps5,226405.0,227064.0
227057,92,652.0,217.0,rps5,226405.0,227064.0
227057,675,652.0,217.0,rps5,226405.0,227064.0
227057,442,652.0,217.0,rps5,226405.0,227064.0
227057,145,652.0,217.0,rps5,226405.0,227064.0
227057,511,652.0,217.0,rps5,226405.0,227064.0
227057,79,652.0,217.0,rps5,226405.0,227064.0
227057,274,652.0,217.0,rps5,226405.0,227064.0
227057,415,652.0,217.0,rps5,226405.0,227064.0
227057,371,652.0,217.0,rps5,226405.0,227064.0
227057,260,652.0,217.0,rps5,226405.0,227064.0
227057,1080,652.0,217.0,rps5,226405.0,227064.0
227057,369,652.0,217.0,rps5,226405.0,227064.0
227057,486,652.0,217.0,rps5,226405.0,227064.0
227057,308,652.0,217.0,rps5,226405.0,227064.0
227057,384,652.0,217.0,rps5,226405.0,227064.0
227057,218,652.0,217.0,rps5,226405.0,227064.0
227057,346,652.0,217.0,rps5,226405.0,227064.0
227057,349,652.0,217.0,rps5,226405.0,227064.0
227057,523,652.0,217.0,rps5,226405.0,227064.0
227057,554,652.0,217.0,rps5,226405.0,227064.0
227057,216,652.0,217.0,rps5,226405.0,227064.0
227057,699,652.0,217.0,rps5,226405.0,227064.0
227057,498,652.0,217.0,rps5,226405.0,227064.0
227057,489,652.0,217.0,rps5,226405.0,227064.0
227057,310,652.0,217.0,rps5,226405.0,227064.0
227057,926,652.0,217.0,rps5,226405.0,227064.0
227057,543,652.0,217.0,rps5,226405.0,227064.0
227057,212,652.0,217.0,rps5,226405.0,227064.0
227057,301,652.0,217.0,rps5,226405.0,227064.0
227057,696,652.0,217.0,rps5,226405.0,227064.0
227057,502,652.0,217.0,rps5,226405.0,227064.0
227057,213,652.0,217.0,rps5,226405.0,227064.0
227057,1433,652.0,217.0,rps5,226405.0,227064.0
227057,678,652.0,217.0,rps5,226405.0,227064.0
227057,260,652.0,217.0,rps5,226405.0,227064.0
227057,508,652.0,217.0,rps5,226405.0,227064.0
227058,180,653.0,218.0,rps5,226405.0,227064.0
227058,777,653.0,218.0,rps5,226405.0,227064.0
227058,201,653.0,218.0,rps5,226405.0,227064.0
227058,32,653.0,218.0,rps5,226405.0,227064.0
227058,219,653.0,218.0,rps5,226405.0,227064.0
227058,631,653.0,218.0,rps5,226405.0,227064.0
227058,36,653.0,218.0,rps5,226405.0,227064.0
227058,210,653.0,218.0,rps5,226405.0,227064.0
227058,178,653.0,218.0,rps5,226405.0,227064.0
227058,316,653.0,218.0,rps5,226405.0,227064.0
227058,37,653.0,218.0,rps5,226405.0,227064.0
227058,166,653.0,218.0,rps5,226405.0,227064.0
227058,117,653.0,218.0,rps5,226405.0,227064.0
227058,151,653.0,218.0,rps5,226405.0,227064.0
227058,145,653.0,218.0,rps5,226405.0,227064.0
227058,328,653.0,218.0,rps5,226405.0,227064.0
227058,181,653.0,218.0,rps5,226405.0,227064.0
227058,124,653.0,218.0,rps5,226405.0,227064.0
227058,333,653.0,218.0,rps5,226405.0,227064.0
227058,30,653.0,218.0,rps5,226405.0,227064.0
227058,142,653.0,218.0,rps5,226405.0,227064.0
227058,200,653.0,218.0,rps5,226405.0,227064.0
227058,139,653.0,218.0,rps5,226405.0,227064.0
227058,730,653.0,218.0,rps5,226405.0,227064.0
227058,119,653.0,218.0,rps5,226405.0,227064.0
227058,630,653.0,218.0,rps5,226405.0,227064.0
227058,208,653.0,218.0,rps5,226405.0,227064.0
227058,292,653.0,218.0,rps5,226405.0,227064.0
227058,121,653.0,218.0,rps5,226405.0,227064.0
227058,241,653.0,218.0,rps5,226405.0,227064.0
227058,135,653.0,218.0,rps5,226405.0,227064.0
227058,425,653.0,218.0,rps5,226405.0,227064.0
227058,136,653.0,218.0,rps5,226405.0,227064.0
227058,207,653.0,218.0,rps5,226405.0,227064.0
227058,321,653.0,218.0,rps5,226405.0,227064.0
227058,205,653.0,218.0,rps5,226405.0,227064.0
227058,146,653.0,218.0,rps5,226405.0,227064.0
227058,37,653.0,218.0,rps5,226405.0,227064.0
227058,167,653.0,218.0,rps5,226405.0,227064.0
227058,301,653.0,218.0,rps5,226405.0,227064.0
227058,36,653.0,218.0,rps5,226405.0,227064.0
227058,654,653.0,218.0,rps5,226405.0,227064.0
227058,243,653.0,218.0,rps5,226405.0,227064.0
227058,286,653.0,218.0,rps5,226405.0,227064.0
227058,302,653.0,218.0,rps5,226405.0,227064.0
227058,219,653.0,218.0,rps5,226405.0,227064.0
227059,35,654.0,218.0,rps5,226405.0,227064.0
227059,20,654.0,218.0,rps5,226405.0,227064.0
227059,36,654.0,218.0,rps5,226405.0,227064.0
227061,85,656.0,219.0,rps5,226405.0,227064.0
227061,29,656.0,219.0,rps5,226405.0,227064.0
227061,114,656.0,219.0,rps5,226405.0,227064.0
227061,68,656.0,219.0,rps5,226405.0,227064.0
227061,92,656.0,219.0,rps5,226405.0,227064.0
227061,137,656.0,219.0,rps5,226405.0,227064.0
227061,28,656.0,219.0,rps5,226405.0,227064.0
227061,76,656.0,219.0,rps5,226405.0,227064.0
227061,41,656.0,219.0,rps5,226405.0,227064.0
227061,52,656.0,219.0,rps5,226405.0,227064.0
227061,37,656.0,219.0,rps5,226405.0,227064.0
227061,95,656.0,219.0,rps5,226405.0,227064.0
227061,35,656.0,219.0,rps5,226405.0,227064.0
227061,32,656.0,219.0,rps5,226405.0,227064.0
227061,142,656.0,219.0,rps5,226405.0,227064.0
227061,63,656.0,219.0,rps5,226405.0,227064.0
227061,79,656.0,219.0,rps5,226405.0,227064.0
227061,78,656.0,219.0,rps5,226405.0,227064.0
227061,51,656.0,219.0,rps5,226405.0,227064.0
227061,99,656.0,219.0,rps5,226405.0,227064.0
227061,38,656.0,219.0,rps5,226405.0,227064.0
227061,269,656.0,219.0,rps5,226405.0,227064.0
227061,63,656.0,219.0,rps5,226405.0,227064.0
227061,105,656.0,219.0,rps5,226405.0,227064.0
227061,72,656.0,219.0,rps5,226405.0,227064.0
227061,103,656.0,219.0,rps5,226405.0,227064.0
227061,65,656.0,219.0,rps5,226405.0,227064.0
227061,47,656.0,219.0,rps5,226405.0,227064.0
227061,197,656.0,219.0,rps5,226405.0,227064.0
227061,102,656.0,219.0,rps5,226405.0,227064.0
227061,43,656.0,219.0,rps5,226405.0,227064.0
227061,71,656.0,219.0,rps5,226405.0,227064.0
227061,101,656.0,219.0,rps5,226405.0,227064.0
227061,269,656.0,219.0,rps5,226405.0,227064.0
227061,99,656.0,219.0,rps5,226405.0,227064.0
227061,80,656.0,219.0,rps5,226405.0,227064.0
227062,83,657.0,219.0,rps5,226405.0,227064.0
227062,85,657.0,219.0,rps5,226405.0,227064.0
227062,43,657.0,219.0,rps5,226405.0,227064.0
227062,45,657.0,219.0,rps5,226405.0,227064.0
227062,101,657.0,219.0,rps5,226405.0,227064.0
227062,61,657.0,219.0,rps5,226405.0,227064.0
227062,40,657.0,219.0,rps5,226405.0,227064.0
227062,67,657.0,219.0,rps5,226405.0,227064.0
227063,52,658.0,219.0,rps5,226405.0,227064.0
227063,54,658.0,219.0,rps5,226405.0,227064.0
227063,33,658.0,219.0,rps5,226405.0,227064.0
227063,25,658.0,219.0,rps5,226405.0,227064.0
227063,47,658.0,219.0,rps5,226405.0,227064.0
227064,416,659.0,220.0,rps5,226405.0,227064.0
227064,614,659.0,220.0,rps5,226405.0,227064.0
227064,306,659.0,220.0,rps5,226405.0,227064.0
227064,550,659.0,220.0,rps5,226405.0,227064.0
227064,99,659.0,220.0,rps5,226405.0,227064.0
227064,266,659.0,220.0,rps5,226405.0,227064.0
227064,282,659.0,220.0,rps5,226405.0,227064.0
227064,276,659.0,220.0,rps5,226405.0,227064.0
227064,812,659.0,220.0,rps5,226405.0,227064.0
227064,1174,659.0,220.0,rps5,226405.0,227064.0
227064,407,659.0,220.0,rps5,226405.0,227064.0
227064,468,659.0,220.0,rps5,226405.0,227064.0
227064,335,659.0,220.0,rps5,226405.0,227064.0
227064,638,659.0,220.0,rps5,226405.0,227064.0
227064,123,659.0,220.0,rps5,226405.0,227064.0
227064,907,659.0,220.0,rps5,226405.0,227064.0
227064,450,659.0,220.0,rps5,226405.0,227064.0
227064,293,659.0,220.0,rps5,226405.0,227064.0
227064,282,659.0,220.0,rps5,226405.0,227064.0
227064,620,659.0,220.0,rps5,226405.0,227064.0
227064,313,659.0,220.0,rps5,226405.0,227064.0
227064,1127,659.0,220.0,rps5,226405.0,227064.0
227064,344,659.0,220.0,rps5,226405.0,227064.0
227064,453,659.0,220.0,rps5,226405.0,227064.0
227064,421,659.0,220.0,rps5,226405.0,227064.0
227064,278,659.0,220.0,rps5,226405.0,227064.0
227064,634,659.0,220.0,rps5,226405.0,227064.0
227064,491,659.0,220.0,rps5,226405.0,227064.0
227064,175,659.0,220.0,rps5,226405.0,227064.0
227064,359,659.0,220.0,rps5,226405.0,227064.0
227064,238,659.0,220.0,rps5,226405.0,227064.0
227064,400,659.0,220.0,rps5,226405.0,227064.0
227064,124,659.0,220.0,rps5,226405.0,227064.0
227064,94,659.0,220.0,rps5,226405.0,227064.0
227064,375,659.0,220.0,rps5,226405.0,227064.0
227064,515,659.0,220.0,rps5,226405.0,227064.0
227064,810,659.0,220.0,rps5,226405.0,227064.0
227064,521,659.0,220.0,rps5,226405.0,227064.0
227064,221,659.0,220.0,rps5,226405.0,227064.0
227064,316,659.0,220.0,rps5,226405.0,227064.0
227064,77,659.0,220.0,rps5,226405.0,227064.0
227064,281,659.0,220.0,rps5,226405.0,227064.0
227064,316,659.0,220.0,rps5,226405.0,227064.0
227064,308,659.0,220.0,rps5,226405.0,227064.0
227064,336,659.0,220.0,rps5,226405.0,227064.0
227064,278,659.0,220.0,rps5,226405.0,227064.0
227064,272,659.0,220.0,rps5,226405.0,227064.0
227064,359,659.0,220.0,rps5,226405.0,227064.0
227064,239,659.0,220.0,rps5,226405.0,227064.0
221799,22,3.0,1.0,rps3,221796.0,222617.0
222025,26,229.0,76.0,rps3,221796.0,222617.0
222058,94,262.0,87.0,rps3,221796.0,222617.0
222058,46,262.0,87.0,rps3,221796.0,222617.0
222419,64,623.0,208.0,rps3,221796.0,222617.0
222419,46,623.0,208.0,rps3,221796.0,222617.0
222419,45,623.0,208.0,rps3,221796.0,222617.0
222419,36,623.0,208.0,rps3,221796.0,222617.0
222419,77,623.0,208.0,rps3,221796.0,222617.0
222426,67,630.0,210.0,rps3,221796.0,222617.0
222426,90,630.0,210.0,rps3,221796.0,222617.0
222426,92,630.0,210.0,rps3,221796.0,222617.0
222426,81,630.0,210.0,rps3,221796.0,222617.0
222426,104,630.0,210.0,rps3,221796.0,222617.0
222493,20,697.0,232.0,rps3,221796.0,222617.0
222500,22,704.0,235.0,rps3,221796.0,222617.0
222507,26,711.0,237.0,rps3,221796.0,222617.0
222507,21,711.0,237.0,rps3,221796.0,222617.0
222534,42,738.0,246.0,rps3,221796.0,222617.0
222534,44,738.0,246.0,rps3,221796.0,222617.0
222534,45,738.0,246.0,rps3,221796.0,222617.0
222536,36,740.0,247.0,rps3,221796.0,222617.0
222536,55,740.0,247.0,rps3,221796.0,222617.0
222537,38,741.0,247.0,rps3,221796.0,222617.0
222537,33,741.0,247.0,rps3,221796.0,222617.0
222537,176,741.0,247.0,rps3,221796.0,222617.0
222537,162,741.0,247.0,rps3,221796.0,222617.0
222537,154,741.0,247.0,rps3,221796.0,222617.0
222537,41,741.0,247.0,rps3,221796.0,222617.0
222537,72,741.0,247.0,rps3,221796.0,222617.0
222537,277,741.0,247.0,rps3,221796.0,222617.0
222537,91,741.0,247.0,rps3,221796.0,222617.0
222537,273,741.0,247.0,rps3,221796.0,222617.0
222537,183,741.0,247.0,rps3,221796.0,222617.0
222537,109,741.0,247.0,rps3,221796.0,222617.0
222537,39,741.0,247.0,rps3,221796.0,222617.0
222537,45,741.0,247.0,rps3,221796.0,222617.0
222537,108,741.0,247.0,rps3,221796.0,222617.0
222537,69,741.0,247.0,rps3,221796.0,222617.0
222541,34,745.0,248.0,rps3,221796.0,222617.0
222541,21,745.0,248.0,rps3,221796.0,222617.0
222541,31,745.0,248.0,rps3,221796.0,222617.0
222544,111,748.0,249.0,rps3,221796.0,222617.0
222544,115,748.0,249.0,rps3,221796.0,222617.0
222544,25,748.0,249.0,rps3,221796.0,222617.0
222544,151,748.0,249.0,rps3,221796.0,222617.0
222544,154,748.0,249.0,rps3,221796.0,222617.0
222544,22,748.0,249.0,rps3,221796.0,222617.0
222544,34,748.0,249.0,rps3,221796.0,222617.0
222544,145,748.0,249.0,rps3,221796.0,222617.0
222544,76,748.0,249.0,rps3,221796.0,222617.0
222544,39,748.0,249.0,rps3,221796.0,222617.0
222544,40,748.0,249.0,rps3,221796.0,222617.0
222544,110,748.0,249.0,rps3,221796.0,222617.0
222544,136,748.0,249.0,rps3,221796.0,222617.0
222544,118,748.0,249.0,rps3,221796.0,222617.0
222544,144,748.0,249.0,rps3,221796.0,222617.0
222544,75,748.0,249.0,rps3,221796.0,222617.0
222551,22,755.0,252.0,rps3,221796.0,222617.0
222551,24,755.0,252.0,rps3,221796.0,222617.0
222551,25,755.0,252.0,rps3,221796.0,222617.0
222551,31,755.0,252.0,rps3,221796.0,222617.0
222554,42,758.0,253.0,rps3,221796.0,222617.0
222554,79,758.0,253.0,rps3,221796.0,222617.0
222554,36,758.0,253.0,rps3,221796.0,222617.0
222554,85,758.0,253.0,rps3,221796.0,222617.0
222554,26,758.0,253.0,rps3,221796.0,222617.0
222554,82,758.0,253.0,rps3,221796.0,222617.0
222554,21,758.0,253.0,rps3,221796.0,222617.0
222564,23,768.0,256.0,rps3,221796.0,222617.0
222572,20,776.0,259.0,rps3,221796.0,222617.0
222572,21,776.0,259.0,rps3,221796.0,222617.0
222574,20,778.0,259.0,rps3,221796.0,222617.0
222574,30,778.0,259.0,rps3,221796.0,222617.0
222580,23,784.0,261.0,rps3,221796.0,222617.0
222581,29,785.0,262.0,rps3,221796.0,222617.0
222581,22,785.0,262.0,rps3,221796.0,222617.0
222581,23,785.0,262.0,rps3,221796.0,222617.0
222581,24,785.0,262.0,rps3,221796.0,222617.0
222585,26,789.0,263.0,rps3,221796.0,222617.0
222585,23,789.0,263.0,rps3,221796.0,222617.0
222594,20,798.0,266.0,rps3,221796.0,222617.0
222595,28,799.0,266.0,rps3,221796.0,222617.0
222595,140,799.0,266.0,rps3,221796.0,222617.0
222595,73,799.0,266.0,rps3,221796.0,222617.0
222595,37,799.0,266.0,rps3,221796.0,222617.0
222595,119,799.0,266.0,rps3,221796.0,222617.0
222595,22,799.0,266.0,rps3,221796.0,222617.0
222595,145,799.0,266.0,rps3,221796.0,222617.0
222595,32,799.0,266.0,rps3,221796.0,222617.0
222595,31,799.0,266.0,rps3,221796.0,222617.0
222595,76,799.0,266.0,rps3,221796.0,222617.0
222595,151,799.0,266.0,rps3,221796.0,222617.0
222595,36,799.0,266.0,rps3,221796.0,222617.0
222595,136,799.0,266.0,rps3,221796.0,222617.0
222597,41,801.0,267.0,rps3,221796.0,222617.0
222597,38,801.0,267.0,rps3,221796.0,222617.0
222597,37,801.0,267.0,rps3,221796.0,222617.0
222602,83,806.0,269.0,rps3,221796.0,222617.0
222602,33,806.0,269.0,rps3,221796.0,222617.0
222602,27,806.0,269.0,rps3,221796.0,222617.0
222602,58,806.0,269.0,rps3,221796.0,222617.0
222602,35,806.0,269.0,rps3,221796.0,222617.0
222602,71,806.0,269.0,rps3,221796.0,222617.0
222602,86,806.0,269.0,rps3,221796.0,222617.0
222602,46,806.0,269.0,rps3,221796.0,222617.0
222604,23,808.0,269.0,rps3,221796.0,222617.0
222604,24,808.0,269.0,rps3,221796.0,222617.0
222604,22,808.0,269.0,rps3,221796.0,222617.0
222610,20,814.0,271.0,rps3,221796.0,222617.0
222610,88,814.0,271.0,rps3,221796.0,222617.0
222610,46,814.0,271.0,rps3,221796.0,222617.0
222610,24,814.0,271.0,rps3,221796.0,222617.0
222610,76,814.0,271.0,rps3,221796.0,222617.0
222610,71,814.0,271.0,rps3,221796.0,222617.0
222610,86,814.0,271.0,rps3,221796.0,222617.0
222610,26,814.0,271.0,rps3,221796.0,222617.0
222613,67,817.0,272.0,rps3,221796.0,222617.0
222613,148,817.0,272.0,rps3,221796.0,222617.0
222613,22,817.0,272.0,rps3,221796.0,222617.0
222613,209,817.0,272.0,rps3,221796.0,222617.0
222613,20,817.0,272.0,rps3,221796.0,222617.0
222613,262,817.0,272.0,rps3,221796.0,222617.0
222613,28,817.0,272.0,rps3,221796.0,222617.0
222613,76,817.0,272.0,rps3,221796.0,222617.0
222613,20,817.0,272.0,rps3,221796.0,222617.0
222613,45,817.0,272.0,rps3,221796.0,222617.0
222613,69,817.0,272.0,rps3,221796.0,222617.0
222613,170,817.0,272.0,rps3,221796.0,222617.0
222613,26,817.0,272.0,rps3,221796.0,222617.0
222613,127,817.0,272.0,rps3,221796.0,222617.0
222613,270,817.0,272.0,rps3,221796.0,222617.0
222613,45,817.0,272.0,rps3,221796.0,222617.0
222613,83,817.0,272.0,rps3,221796.0,222617.0
222613,112,817.0,272.0,rps3,221796.0,222617.0
222613,32,817.0,272.0,rps3,221796.0,222617.0
222613,43,817.0,272.0,rps3,221796.0,222617.0
222613,23,817.0,272.0,rps3,221796.0,222617.0
222613,105,817.0,272.0,rps3,221796.0,222617.0
222613,104,817.0,272.0,rps3,221796.0,222617.0
222613,226,817.0,272.0,rps3,221796.0,222617.0
222613,147,817.0,272.0,rps3,221796.0,222617.0
222613,82,817.0,272.0,rps3,221796.0,222617.0
222613,79,817.0,272.0,rps3,221796.0,222617.0
222613,325,817.0,272.0,rps3,221796.0,222617.0
222613,23,817.0,272.0,rps3,221796.0,222617.0
222613,98,817.0,272.0,rps3,221796.0,222617.0
222617,27,821.0,274.0,rps3,221796.0,222617.0
222617,25,821.0,274.0,rps3,221796.0,222617.0
222617,58,821.0,274.0,rps3,221796.0,222617.0
222617,35,821.0,274.0,rps3,221796.0,222617.0
222617,26,821.0,274.0,rps3,221796.0,222617.0
222617,58,821.0,274.0,rps3,221796.0,222617.0
254135,61,377.0,126.0,rps2,253758.0,254642.0
254135,87,377.0,126.0,rps2,253758.0,254642.0
254352,22,594.0,198.0,rps2,253758.0,254642.0
254352,22,594.0,198.0,rps2,253758.0,254642.0
254352,36,594.0,198.0,rps2,253758.0,254642.0
254352,35,594.0,198.0,rps2,253758.0,254642.0
254544,42,786.0,262.0,rps2,253758.0,254642.0
254544,36,786.0,262.0,rps2,253758.0,254642.0
254544,23,786.0,262.0,rps2,253758.0,254642.0
254606,21,848.0,283.0,rps2,253758.0,254642.0
254606,25,848.0,283.0,rps2,253758.0,254642.0
254606,20,848.0,283.0,rps2,253758.0,254642.0
254613,36,855.0,285.0,rps2,253758.0,254642.0
254613,37,855.0,285.0,rps2,253758.0,254642.0
254613,31,855.0,285.0,rps2,253758.0,254642.0
254613,29,855.0,285.0,rps2,253758.0,254642.0
254613,33,855.0,285.0,rps2,253758.0,254642.0
254613,25,855.0,285.0,rps2,253758.0,254642.0
254613,35,855.0,285.0,rps2,253758.0,254642.0
254613,24,855.0,285.0,rps2,253758.0,254642.0
254613,27,855.0,285.0,rps2,253758.0,254642.0
254620,45,862.0,287.0,rps2,253758.0,254642.0
254620,157,862.0,287.0,rps2,253758.0,254642.0
254620,105,862.0,287.0,rps2,253758.0,254642.0
254620,65,862.0,287.0,rps2,253758.0,254642.0
254620,42,862.0,287.0,rps2,253758.0,254642.0
254620,52,862.0,287.0,rps2,253758.0,254642.0
254620,76,862.0,287.0,rps2,253758.0,254642.0
254620,155,862.0,287.0,rps2,253758.0,254642.0
254620,42,862.0,287.0,rps2,253758.0,254642.0
254620,40,862.0,287.0,rps2,253758.0,254642.0
254620,36,862.0,287.0,rps2,253758.0,254642.0
254620,33,862.0,287.0,rps2,253758.0,254642.0
254620,40,862.0,287.0,rps2,253758.0,254642.0
254620,142,862.0,287.0,rps2,253758.0,254642.0
254620,41,862.0,287.0,rps2,253758.0,254642.0
254620,60,862.0,287.0,rps2,253758.0,254642.0
254620,156,862.0,287.0,rps2,253758.0,254642.0
254620,104,862.0,287.0,rps2,253758.0,254642.0
254620,119,862.0,287.0,rps2,253758.0,254642.0
254620,62,862.0,287.0,rps2,253758.0,254642.0
254620,78,862.0,287.0,rps2,253758.0,254642.0
254620,46,862.0,287.0,rps2,253758.0,254642.0
254620,35,862.0,287.0,rps2,253758.0,254642.0
254620,47,862.0,287.0,rps2,253758.0,254642.0
254620,34,862.0,287.0,rps2,253758.0,254642.0
254620,143,862.0,287.0,rps2,253758.0,254642.0
254620,54,862.0,287.0,rps2,253758.0,254642.0
254620,61,862.0,287.0,rps2,253758.0,254642.0
254620,62,862.0,287.0,rps2,253758.0,254642.0
254620,75,862.0,287.0,rps2,253758.0,254642.0
254620,159,862.0,287.0,rps2,253758.0,254642.0
254622,26,864.0,288.0,rps2,253758.0,254642.0
254622,72,864.0,288.0,rps2,253758.0,254642.0
254622,104,864.0,288.0,rps2,253758.0,254642.0
254622,20,864.0,288.0,rps2,253758.0,254642.0
254622,57,864.0,288.0,rps2,253758.0,254642.0
254622,107,864.0,288.0,rps2,253758.0,254642.0
254622,52,864.0,288.0,rps2,253758.0,254642.0
254622,70,864.0,288.0,rps2,253758.0,254642.0
254622,93,864.0,288.0,rps2,253758.0,254642.0
254627,100,869.0,290.0,rps2,253758.0,254642.0
254627,31,869.0,290.0,rps2,253758.0,254642.0
254627,36,869.0,290.0,rps2,253758.0,254642.0
254627,28,869.0,290.0,rps2,253758.0,254642.0
254627,138,869.0,290.0,rps2,253758.0,254642.0
254627,38,869.0,290.0,rps2,253758.0,254642.0
254627,90,869.0,290.0,rps2,253758.0,254642.0
254627,21,869.0,290.0,rps2,253758.0,254642.0
254627,20,869.0,290.0,rps2,253758.0,254642.0
254627,38,869.0,290.0,rps2,253758.0,254642.0
254627,87,869.0,290.0,rps2,253758.0,254642.0
254627,67,869.0,290.0,rps2,253758.0,254642.0
254627,101,869.0,290.0,rps2,253758.0,254642.0
254627,26,869.0,290.0,rps2,253758.0,254642.0
254627,21,869.0,290.0,rps2,253758.0,254642.0
254627,99,869.0,290.0,rps2,253758.0,254642.0
254627,105,869.0,290.0,rps2,253758.0,254642.0
254627,23,869.0,290.0,rps2,253758.0,254642.0
254627,27,869.0,290.0,rps2,253758.0,254642.0
254627,79,869.0,290.0,rps2,253758.0,254642.0
254627,140,869.0,290.0,rps2,253758.0,254642.0
254627,71,869.0,290.0,rps2,253758.0,254642.0
254627,91,869.0,290.0,rps2,253758.0,254642.0
254627,82,869.0,290.0,rps2,253758.0,254642.0
254627,98,869.0,290.0,rps2,253758.0,254642.0
254627,27,869.0,290.0,rps2,253758.0,254642.0
254627,20,869.0,290.0,rps2,253758.0,254642.0
254629,60,871.0,290.0,rps2,253758.0,254642.0
254629,119,871.0,290.0,rps2,253758.0,254642.0
254629,114,871.0,290.0,rps2,253758.0,254642.0
254629,72,871.0,290.0,rps2,253758.0,254642.0
254629,69,871.0,290.0,rps2,253758.0,254642.0
254629,75,871.0,290.0,rps2,253758.0,254642.0
254629,140,871.0,290.0,rps2,253758.0,254642.0
254629,101,871.0,290.0,rps2,253758.0,254642.0
254629,110,871.0,290.0,rps2,253758.0,254642.0
254629,83,871.0,290.0,rps2,253758.0,254642.0
254629,61,871.0,290.0,rps2,253758.0,254642.0
254629,72,871.0,290.0,rps2,253758.0,254642.0
254629,89,871.0,290.0,rps2,253758.0,254642.0
254629,165,871.0,290.0,rps2,253758.0,254642.0
254629,41,871.0,290.0,rps2,253758.0,254642.0
254629,168,871.0,290.0,rps2,253758.0,254642.0
254629,62,871.0,290.0,rps2,253758.0,254642.0
254629,166,871.0,290.0,rps2,253758.0,254642.0
254629,178,871.0,290.0,rps2,253758.0,254642.0
254629,159,871.0,290.0,rps2,253758.0,254642.0
254629,165,871.0,290.0,rps2,253758.0,254642.0
254629,48,871.0,290.0,rps2,253758.0,254642.0
254629,79,871.0,290.0,rps2,253758.0,254642.0
254629,85,871.0,290.0,rps2,253758.0,254642.0
254629,134,871.0,290.0,rps2,253758.0,254642.0
254629,158,871.0,290.0,rps2,253758.0,254642.0
254629,80,871.0,290.0,rps2,253758.0,254642.0
254629,180,871.0,290.0,rps2,253758.0,254642.0
254629,57,871.0,290.0,rps2,253758.0,254642.0
254629,133,871.0,290.0,rps2,253758.0,254642.0
254629,127,871.0,290.0,rps2,253758.0,254642.0
254629,173,871.0,290.0,rps2,253758.0,254642.0
254629,180,871.0,290.0,rps2,253758.0,254642.0
254629,150,871.0,290.0,rps2,253758.0,254642.0
254629,87,871.0,290.0,rps2,253758.0,254642.0
254629,146,871.0,290.0,rps2,253758.0,254642.0
254629,48,871.0,290.0,rps2,253758.0,254642.0
254629,108,871.0,290.0,rps2,253758.0,254642.0
254629,145,871.0,290.0,rps2,253758.0,254642.0
254636,98,878.0,293.0,rps2,253758.0,254642.0
254636,96,878.0,293.0,rps2,253758.0,254642.0
254636,274,878.0,293.0,rps2,253758.0,254642.0
254636,104,878.0,293.0,rps2,253758.0,254642.0
254636,88,878.0,293.0,rps2,253758.0,254642.0
254636,198,878.0,293.0,rps2,253758.0,254642.0
254636,248,878.0,293.0,rps2,253758.0,254642.0
254636,173,878.0,293.0,rps2,253758.0,254642.0
254636,126,878.0,293.0,rps2,253758.0,254642.0
254636,23,878.0,293.0,rps2,253758.0,254642.0
254636,45,878.0,293.0,rps2,253758.0,254642.0
254636,96,878.0,293.0,rps2,253758.0,254642.0
254636,42,878.0,293.0,rps2,253758.0,254642.0
254636,287,878.0,293.0,rps2,253758.0,254642.0
254636,198,878.0,293.0,rps2,253758.0,254642.0
254636,55,878.0,293.0,rps2,253758.0,254642.0
254636,106,878.0,293.0,rps2,253758.0,254642.0
254636,52,878.0,293.0,rps2,253758.0,254642.0
254636,91,878.0,293.0,rps2,253758.0,254642.0
254636,43,878.0,293.0,rps2,253758.0,254642.0
254636,140,878.0,293.0,rps2,253758.0,254642.0
254636,122,878.0,293.0,rps2,253758.0,254642.0
254636,67,878.0,293.0,rps2,253758.0,254642.0
254636,66,878.0,293.0,rps2,253758.0,254642.0
254636,120,878.0,293.0,rps2,253758.0,254642.0
254636,174,878.0,293.0,rps2,253758.0,254642.0
254636,271,878.0,293.0,rps2,253758.0,254642.0
254636,105,878.0,293.0,rps2,253758.0,254642.0
254636,31,878.0,293.0,rps2,253758.0,254642.0
254636,141,878.0,293.0,rps2,253758.0,254642.0
254636,121,878.0,293.0,rps2,253758.0,254642.0
254636,116,878.0,293.0,rps2,253758.0,254642.0
254636,74,878.0,293.0,rps2,253758.0,254642.0
254636,41,878.0,293.0,rps2,253758.0,254642.0
254636,39,878.0,293.0,rps2,253758.0,254642.0
254636,35,878.0,293.0,rps2,253758.0,254642.0
254636,133,878.0,293.0,rps2,253758.0,254642.0
254636,173,878.0,293.0,rps2,253758.0,254642.0
254636,250,878.0,293.0,rps2,253758.0,254642.0
254636,41,878.0,293.0,rps2,253758.0,254642.0
254636,71,878.0,293.0,rps2,253758.0,254642.0
254636,172,878.0,293.0,rps2,253758.0,254642.0
254637,24,879.0,293.0,rps2,253758.0,254642.0
254637,34,879.0,293.0,rps2,253758.0,254642.0
254637,41,879.0,293.0,rps2,253758.0,254642.0
254637,32,879.0,293.0,rps2,253758.0,254642.0
254637,26,879.0,293.0,rps2,253758.0,254642.0
254637,42,879.0,293.0,rps2,253758.0,254642.0
254641,25,883.0,294.0,rps2,253758.0,254642.0
254641,20,883.0,294.0,rps2,253758.0,254642.0
254641,30,883.0,294.0,rps2,253758.0,254642.0
254641,29,883.0,294.0,rps2,253758.0,254642.0
