Protein1,Description1,Protein2,Description2,fromSite,ToSite,Croslinkers,Score,count PSMs,count peptide pairs,fdrGroup,fdr,PROT_PROT,Unnamed: 13
P78020,rpl31,P78020,rpl31,90.0,70.0,DSSO,16.84,1.0,1.0,Internal,0.0,,
P78020,rpl31,P78020,rpl31,76.0,61.0,DSSO,15.614,1.0,1.0,Internal,0.0,,
P78020,rpl31,P78020,rpl31,90.0,61.0,DSSO,15.001,1.0,1.0,Internal,0.0,,
P78020,rpl31,P78020,rpl31,52.0,61.0,DSSO,10.341,1.0,1.0,Internal,0.0,,
P78020,rpl31,P78020,rpl31,76.0,65.0,BS3,15.174,3.0,2.0,Internal,0.0,P78020_P78020,
P78020,rpl31,P78020,rpl31,84.0,76.0,BS3,14.815,3.0,2.0,Internal,0.0,P78020_P78020,
P78020,rpl31,P78020,rpl31,84.0,61.0,BS3,13.445,2.0,1.0,Internal,0.0,P78020_P78020,
P78020,rpl31,P78020,rpl31,84.0,79.0,BS3,13.243,2.0,1.0,Internal,0.0,P78020_P78020,
P78020,rpl31,P78020,rpl31,90.0,70.0,BS3,12.508,1.0,1.0,Internal,0.0,P78020_P78020,
P78020,rpl31,P78020,rpl31,82.0,61.0,BS3,10.696,1.0,1.0,Internal,0.0,P78020_P78020,
P78020,rpl31,P78020,rpl31,90.0,61.0,BS3,10.528,1.0,1.0,Internal,0.0,P78020_P78020,
P78020,rpl31,P78020,rpl31,61.0,76.0,BS3,10.101,2.0,2.0,Internal,0.0,P78020_P78020,
P78020,rpl31,P78020,rpl31,65.0,41.0,BS3,10.048,1.0,1.0,Internal,0.0,P78020_P78020,
P78020,rpl31,P78020,rpl31,93.0,84.0,BS3,9.325,1.0,1.0,Internal,0.0,P78020_P78020,
P78020,rpl31,P78020,rpl31,80.0,90.0,BS3,9.133,1.0,1.0,Internal,0.0,P78020_P78020,
P78020,rpl31,P78020,rpl31,90.0,76.0,BS3,9.126,2.0,2.0,Internal,0.0,P78020_P78020,
P78020,rpl31,P78020,rpl31,70.0,61.0,BS3,8.751,1.0,1.0,Internal,0.0,P78020_P78020,
P78020,rpl31,P78020,rpl31,65.0,84.0,BS3,8.089,1.0,1.0,Internal,0.0,P78020_P78020,
P78020,rpl31,Q50297,rpsM,61.0,64.0,DSSO,41.759,5.0,2.0,Between,0.0,,
P78020,rpl31,P75576,rpsS,70.0,24.0,DSSO,27.408,2.0,1.0,Between,0.0,,
P78020,rpl31,P75581,rpsJ,90.0,73.0,DSSO,24.601,3.0,2.0,Between,0.0,,
P78020,rpl31,P75581,rpsJ,93.0,97.0,DSSO,16.864,1.0,1.0,Between,0.008,,
P78020,rpl31,P41205,rpsC,84.0,32.0,DSSO,14.098,1.0,1.0,Between,0.016,,
Q50306,rplE,P78020,rpl31,179.0,61.0,DSSO,20.04,1.0,1.0,Between,0.0,,
Q50306,rplE,P78020,rpl31,179.0,76.0,DSSO,14.021,1.0,1.0,Between,0.016,,
Q50297,rpsM,P78020,rpl31,64.0,61.0,BS3,26.538,5.0,3.0,Between,0.0,Q50297_P78020,
Q50306,rplE,P78020,rpl31,179.0,52.0,BS3,26.056,4.0,2.0,Between,0.0,Q50306_P78020,
P75576,rpsS,P78020,rpl31,24.0,70.0,BS3,25.338,3.0,2.0,Between,0.0,P75576_P78020,
P75581,rpsJ,P78020,rpl31,73.0,90.0,BS3,25.289,6.0,3.0,Between,0.0,P75581_P78020,
Q50306,rplE,P78020,rpl31,1.0,3.0,BS3,20.568,2.0,2.0,Between,0.0,Q50306_P78020,
Q50306,rplE,P78020,rpl31,64.0,3.0,BS3,16.489,2.0,2.0,Between,0.003,Q50306_P78020,
P41205,rpsC,P78020,rpl31,32.0,84.0,BS3,16.066,2.0,1.0,Between,0.003,P41205_P78020,
Q50306,rplE,P78020,rpl31,120.0,52.0,BS3,14.741,2.0,1.0,Between,0.007,Q50306_P78020,
Q50297,rpsM,P78020,rpl31,64.0,52.0,BS3,12.203,1.0,1.0,Between,0.011,Q50297_P78020,
Q50306,rplE,P78020,rpl31,64.0,2.0,BS3,11.688,1.0,1.0,Between,0.011,Q50306_P78020,
Q50306,rplE,P78020,rpl31,10.0,41.0,BS3,11.169,1.0,1.0,Between,0.014,Q50306_P78020,
Q50306,rplE,P78020,rpl31,179.0,65.0,BS3,11.027,1.0,1.0,Between,0.016,Q50306_P78020,
Q50306,rplE,P78020,rpl31,10.0,61.0,BS3,10.594,1.0,1.0,Between,0.018,Q50306_P78020,
Q50306,rplE,P78020,rpl31,120.0,65.0,BS3,10.197,1.0,1.0,Between,0.023,Q50306_P78020,
P75581,rpsJ,P78020,rpl31,97.0,93.0,BS3,9.211,1.0,1.0,Between,0.031,P75581_P78020,
P41205,rpsC,P78020,rpl31,32.0,90.0,BS3,8.89,1.0,1.0,Between,0.031,P41205_P78020,
P75576,rpsS,P78020,rpl31,17.0,76.0,BS3,8.227,1.0,1.0,Between,0.041,P75576_P78020,
Q50310,rpl29,Q50310,rpl29,17.0,78.0,DSSO,28.559,2.0,1.0,Internal,0.0,,
Q50310,rpl29,Q50310,rpl29,62.0,23.0,DSSO,24.797,2.0,1.0,Internal,0.0,,
Q50310,rpl29,Q50310,rpl29,21.0,10.0,DSSO,21.922,2.0,1.0,Internal,0.0,,
Q50310,rpl29,Q50310,rpl29,5.0,10.0,DSSO,9.88,1.0,1.0,Internal,0.0,,
Q50310,rpl29,Q50310,rpl29,21.0,10.0,BS3,28.087,5.0,3.0,Internal,0.0,Q50310_Q50310,
Q50310,rpl29,Q50310,rpl29,23.0,62.0,BS3,20.586,2.0,1.0,Internal,0.0,Q50310_Q50310,
Q50310,rpl29,Q50310,rpl29,17.0,78.0,BS3,20.546,2.0,1.0,Internal,0.0,Q50310_Q50310,
Q50310,rpl29,Q50310,rpl29,23.0,32.0,BS3,18.747,3.0,1.0,Internal,0.0,Q50310_Q50310,
Q50310,rpl29,Q50310,rpl29,40.0,23.0,BS3,13.598,1.0,1.0,Internal,0.0,Q50310_Q50310,
Q50310,rpl29,Q50310,rpl29,78.0,32.0,BS3,11.815,1.0,1.0,Internal,0.0,Q50310_Q50310,
Q50310,rpl29,Q50310,rpl29,88.0,97.0,BS3,10.874,1.0,1.0,Internal,0.0,Q50310_Q50310,
Q50310,rpl29,Q50310,rpl29,71.0,78.0,BS3,10.66,2.0,2.0,Internal,0.0,Q50310_Q50310,
Q50310,rpl29,Q50310,rpl29,21.0,78.0,BS3,10.287,1.0,1.0,Internal,0.0,Q50310_Q50310,
Q50310,rpl29,Q50310,rpl29,100.0,10.0,BS3,7.875,1.0,1.0,Internal,0.0,Q50310_Q50310,
Q50310,rpl29,Q50310,rpl29,62.0,78.0,BS3,7.023,1.0,1.0,Internal,0.0,Q50310_Q50310,
Q50310,rpl29,Q50310,rpl29,110.0,1.0,BS3,6.916,1.0,1.0,Internal,0.0,Q50310_Q50310,
Q50310,rpl29,Q50310,rpl29,23.0,71.0,BS3,5.675,1.0,1.0,Internal,0.0,Q50310_Q50310,
Q50310,rpl29,Q50310,rpl29,1.0,10.0,BS3,4.698,1.0,1.0,Internal,0.002,Q50310_Q50310,
Q50310,rpl29,P75578,rplW,78.0,100.0,BS3,20.35,2.0,1.0,Between,0.0,Q50310_P75578,
Q50310,rpl29,P75578,rplW,78.0,107.0,BS3,17.995,3.0,2.0,Between,0.003,Q50310_P75578,
Q50310,rpl29,P75578,rplW,78.0,103.0,BS3,17.868,2.0,2.0,Between,0.003,Q50310_P75578,
Q50310,rpl29,P75578,rplW,78.0,1.0,BS3,15.477,1.0,1.0,Between,0.003,Q50310_P75578,
Q50310,rpl29,P75578,rplW,23.0,1.0,BS3,15.246,1.0,1.0,Between,0.006,Q50310_P75578,
Q50310,rpl29,P75578,rplW,73.0,1.0,BS3,14.251,1.0,1.0,Between,0.007,Q50310_P75578,
Q50310,rpl29,P75578,rplW,78.0,111.0,BS3,13.518,2.0,1.0,Between,0.007,Q50310_P75578,
Q50310,rpl29,P75578,rplW,78.0,139.0,BS3,11.301,1.0,1.0,Between,0.013,Q50310_P75578,
Q50310,rpl29,P75578,rplW,88.0,51.0,BS3,9.996,1.0,1.0,Between,0.024,Q50310_P75578,
Q50310,rpl29,P75578,rplW,88.0,25.0,BS3,9.84,1.0,1.0,Between,0.026,Q50310_P75578,
P75578,rplW,Q50310,rpl29,100.0,32.0,DSSO,19.974,2.0,1.0,Between,0.0,,
P75578,rplW,Q50310,rpl29,100.0,78.0,DSSO,19.336,1.0,1.0,Between,0.0,,
P75578,rplW,Q50310,rpl29,111.0,78.0,DSSO,14.444,1.0,1.0,Between,0.012,,
P75578,rplW,Q50310,rpl29,103.0,78.0,DSSO,12.115,1.0,1.0,Between,0.017,,
P75578,rplW,Q50310,rpl29,107.0,78.0,DSSO,10.981,1.0,1.0,Between,0.02,,
P75578,rpl23,P75578,rpl23,116.0,107.0,DSSO,23.976,3.0,2.0,Internal,0.0,,
P75578,rpl23,P75578,rpl23,25.0,107.0,DSSO,18.428,3.0,3.0,Internal,0.0,,
P75578,rpl23,P75578,rpl23,122.0,111.0,DSSO,17.904,2.0,1.0,Internal,0.0,,
P75578,rpl23,P75578,rpl23,103.0,111.0,DSSO,16.641,1.0,1.0,Internal,0.0,,
P75578,rpl23,P75578,rpl23,25.0,100.0,DSSO,15.825,1.0,1.0,Internal,0.0,,
P75578,rpl23,P75578,rpl23,210.0,204.0,DSSO,15.775,1.0,1.0,Internal,0.0,,
P75578,rpl23,P75578,rpl23,189.0,195.0,DSSO,13.976,1.0,1.0,Internal,0.0,,
P75578,rpl23,P75578,rpl23,216.0,210.0,DSSO,13.378,1.0,1.0,Internal,0.0,,
P75578,rpl23,P75578,rpl23,198.0,210.0,DSSO,10.765,1.0,1.0,Internal,0.0,,
P75578,rpl23,P75578,rpl23,177.0,183.0,DSSO,10.658,1.0,1.0,Internal,0.0,,
P75578,rpl23,P75578,rpl23,195.0,204.0,DSSO,10.351,1.0,1.0,Internal,0.0,,
P75578,rpl23,P75578,rpl23,219.0,210.0,DSSO,10.016,1.0,1.0,Internal,0.0,,
P75578,rpl23,P75578,rpl23,119.0,107.0,DSSO,9.977,1.0,1.0,Internal,0.0,,
P75578,rpl23,P75578,rpl23,189.0,210.0,DSSO,8.715,1.0,1.0,Internal,0.0,,
P75578,rpl23,P75578,rpl23,34.0,1.0,BS3,43.454,8.0,5.0,Internal,0.0,P75578_P75578,
P75578,rpl23,P75578,rpl23,76.0,34.0,BS3,22.798,4.0,2.0,Internal,0.0,P75578_P75578,
P75578,rpl23,P75578,rpl23,111.0,122.0,BS3,21.999,4.0,2.0,Internal,0.0,P75578_P75578,
P75578,rpl23,P75578,rpl23,116.0,107.0,BS3,20.275,4.0,3.0,Internal,0.0,P75578_P75578,
P75578,rpl23,P75578,rpl23,139.0,122.0,BS3,19.492,3.0,2.0,Internal,0.0,P75578_P75578,
P75578,rpl23,P75578,rpl23,219.0,204.0,BS3,17.871,3.0,2.0,Internal,0.0,P75578_P75578,
P75578,rpl23,P75578,rpl23,9.0,76.0,BS3,16.848,2.0,1.0,Internal,0.0,P75578_P75578,
P75578,rpl23,P75578,rpl23,216.0,204.0,BS3,16.294,3.0,2.0,Internal,0.0,P75578_P75578,
P75578,rpl23,P75578,rpl23,1.0,26.0,BS3,15.721,2.0,2.0,Internal,0.0,P75578_P75578,
P75578,rpl23,P75578,rpl23,207.0,198.0,BS3,15.575,3.0,2.0,Internal,0.0,P75578_P75578,
P75578,rpl23,P75578,rpl23,207.0,216.0,BS3,15.204,2.0,1.0,Internal,0.0,P75578_P75578,
P75578,rpl23,P75578,rpl23,1.0,25.0,BS3,15.166,1.0,1.0,Internal,0.0,P75578_P75578,
P75578,rpl23,P75578,rpl23,103.0,111.0,BS3,14.818,2.0,1.0,Internal,0.0,P75578_P75578,
P75578,rpl23,P75578,rpl23,192.0,204.0,BS3,14.711,2.0,1.0,Internal,0.0,P75578_P75578,
P75578,rpl23,P75578,rpl23,224.0,204.0,BS3,14.655,2.0,2.0,Internal,0.0,P75578_P75578,
P75578,rpl23,P75578,rpl23,210.0,204.0,BS3,14.612,3.0,2.0,Internal,0.0,P75578_P75578,
P75578,rpl23,P75578,rpl23,61.0,76.0,BS3,14.6,2.0,2.0,Internal,0.0,P75578_P75578,
P75578,rpl23,P75578,rpl23,25.0,111.0,BS3,14.394,2.0,1.0,Internal,0.0,P75578_P75578,
P75578,rpl23,P75578,rpl23,26.0,9.0,BS3,14.376,2.0,2.0,Internal,0.0,P75578_P75578,
P75578,rpl23,P75578,rpl23,210.0,219.0,BS3,14.367,3.0,2.0,Internal,0.0,P75578_P75578,
P75578,rpl23,P75578,rpl23,25.0,107.0,BS3,13.567,2.0,1.0,Internal,0.0,P75578_P75578,
P75578,rpl23,P75578,rpl23,79.0,1.0,BS3,13.5,1.0,1.0,Internal,0.0,P75578_P75578,
P75578,rpl23,P75578,rpl23,198.0,210.0,BS3,13.184,2.0,2.0,Internal,0.0,P75578_P75578,
P75578,rpl23,P75578,rpl23,168.0,174.0,BS3,12.329,3.0,3.0,Internal,0.0,P75578_P75578,
P75578,rpl23,P75578,rpl23,198.0,219.0,BS3,11.809,2.0,2.0,Internal,0.0,P75578_P75578,
P75578,rpl23,P75578,rpl23,103.0,116.0,BS3,11.661,2.0,2.0,Internal,0.0,P75578_P75578,
P75578,rpl23,P75578,rpl23,9.0,34.0,BS3,11.607,1.0,1.0,Internal,0.0,P75578_P75578,
P75578,rpl23,P75578,rpl23,87.0,25.0,BS3,11.546,1.0,1.0,Internal,0.0,P75578_P75578,
P75578,rpl23,P75578,rpl23,189.0,183.0,BS3,11.407,1.0,1.0,Internal,0.0,P75578_P75578,
P75578,rpl23,P75578,rpl23,61.0,79.0,BS3,11.352,2.0,2.0,Internal,0.0,P75578_P75578,
P75578,rpl23,P75578,rpl23,100.0,111.0,BS3,11.195,1.0,1.0,Internal,0.0,P75578_P75578,
P75578,rpl23,P75578,rpl23,25.0,100.0,BS3,11.035,2.0,1.0,Internal,0.0,P75578_P75578,
P75578,rpl23,P75578,rpl23,79.0,25.0,BS3,10.922,1.0,1.0,Internal,0.0,P75578_P75578,
P75578,rpl23,P75578,rpl23,224.0,198.0,BS3,10.166,1.0,1.0,Internal,0.0,P75578_P75578,
P75578,rpl23,P75578,rpl23,210.0,216.0,BS3,10.117,1.0,1.0,Internal,0.0,P75578_P75578,
P75578,rpl23,P75578,rpl23,79.0,9.0,BS3,10.018,1.0,1.0,Internal,0.0,P75578_P75578,
P75578,rpl23,P75578,rpl23,1.0,76.0,BS3,9.529,1.0,1.0,Internal,0.0,P75578_P75578,
P75578,rpl23,P75578,rpl23,229.0,233.0,BS3,9.326,1.0,1.0,Internal,0.0,P75578_P75578,
P75578,rpl23,P75578,rpl23,227.0,219.0,BS3,9.098,1.0,1.0,Internal,0.0,P75578_P75578,
P75578,rpl23,P75578,rpl23,186.0,192.0,BS3,9.048,1.0,1.0,Internal,0.0,P75578_P75578,
P75578,rpl23,P75578,rpl23,195.0,204.0,BS3,9.011,1.0,1.0,Internal,0.0,P75578_P75578,
P75578,rpl23,P75578,rpl23,210.0,203.0,BS3,8.81,1.0,1.0,Internal,0.0,P75578_P75578,
P75578,rpl23,P75578,rpl23,100.0,116.0,BS3,8.736,1.0,1.0,Internal,0.0,P75578_P75578,
P75578,rpl23,P75578,rpl23,1.0,100.0,BS3,8.388,1.0,1.0,Internal,0.0,P75578_P75578,
P75578,rpl23,P75578,rpl23,25.0,116.0,BS3,8.227,1.0,1.0,Internal,0.0,P75578_P75578,
P75578,rpl23,P75578,rpl23,61.0,26.0,BS3,8.187,1.0,1.0,Internal,0.0,P75578_P75578,
P75578,rpl23,P75578,rpl23,229.0,207.0,BS3,8.096,1.0,1.0,Internal,0.0,P75578_P75578,
P75578,rpl23,P75578,rpl23,186.0,195.0,BS3,8.043,1.0,1.0,Internal,0.0,P75578_P75578,
P75578,rpl23,P75578,rpl23,9.0,25.0,BS3,7.636,1.0,1.0,Internal,0.0,P75578_P75578,
P75578,rpl23,P75578,rpl23,213.0,204.0,BS3,7.495,1.0,1.0,Internal,0.0,P75578_P75578,
P75578,rpl23,P75578,rpl23,207.0,219.0,BS3,7.369,1.0,1.0,Internal,0.0,P75578_P75578,
P75578,rpl23,P75578,rpl23,210.0,224.0,BS3,7.081,1.0,1.0,Internal,0.0,P75578_P75578,
P75578,rpl23,P75578,rpl23,174.0,183.0,BS3,6.289,1.0,1.0,Internal,0.0,P75578_P75578,
P75578,rpl23,P75578,rpl23,122.0,100.0,BS3,5.258,1.0,1.0,Internal,0.001,P75578_P75578,
P75578,rpl23,Q50310,rpmC,100.0,32.0,DSSO,19.974,2.0,1.0,Between,0.0,,
P75578,rpl23,Q50310,rpmC,100.0,78.0,DSSO,19.336,1.0,1.0,Between,0.0,,
P75578,rpl23,Q50310,rpmC,111.0,78.0,DSSO,14.444,1.0,1.0,Between,0.012,,
P75578,rpl23,P75344,dnaK,61.0,243.0,DSSO,13.444,1.0,1.0,Between,0.016,,
P75578,rpl23,Q50310,rpmC,103.0,78.0,DSSO,12.115,1.0,1.0,Between,0.017,,
P75578,rpl23,Q50310,rpmC,107.0,78.0,DSSO,10.981,1.0,1.0,Between,0.02,,
P75578,rpl23,Q50307,rplX,122.0,9.0,BS3,11.859,1.0,1.0,Between,0.011,P75578_Q50307,
P75578,rpl23,Q50307,rplX,139.0,9.0,BS3,11.263,1.0,1.0,Between,0.013,P75578_Q50307,
P75578,rpl23,Q50307,rplX,204.0,82.0,BS3,8.41,1.0,1.0,Between,0.036,P75578_Q50307,
P75578,rpl23,Q50307,rplX,111.0,57.0,BS3,8.325,1.0,1.0,Between,0.04,P75578_Q50307,
Q50310,rpmC,P75578,rpl23,78.0,100.0,BS3,20.35,2.0,1.0,Between,0.0,Q50310_P75578,
Q50310,rpmC,P75578,rpl23,78.0,107.0,BS3,17.995,3.0,2.0,Between,0.003,Q50310_P75578,
Q50310,rpmC,P75578,rpl23,78.0,103.0,BS3,17.868,2.0,2.0,Between,0.003,Q50310_P75578,
Q50310,rpmC,P75578,rpl23,78.0,1.0,BS3,15.477,1.0,1.0,Between,0.003,Q50310_P75578,
Q50310,rpmC,P75578,rpl23,23.0,1.0,BS3,15.246,1.0,1.0,Between,0.006,Q50310_P75578,
Q50310,rpmC,P75578,rpl23,73.0,1.0,BS3,14.251,1.0,1.0,Between,0.007,Q50310_P75578,
Q50310,rpmC,P75578,rpl23,78.0,111.0,BS3,13.518,2.0,1.0,Between,0.007,Q50310_P75578,
Q50310,rpmC,P75578,rpl23,78.0,139.0,BS3,11.301,1.0,1.0,Between,0.013,Q50310_P75578,
Q50310,rpmC,P75578,rpl23,88.0,51.0,BS3,9.996,1.0,1.0,Between,0.024,Q50310_P75578,
Q50310,rpmC,P75578,rpl23,88.0,25.0,BS3,9.84,1.0,1.0,Between,0.026,Q50310_P75578,
P75575,rpl22,P75575,rpl22,6.0,106.0,DSSO,48.973,7.0,4.0,Internal,0.0,,
P75575,rpl22,P75575,rpl22,159.0,148.0,DSSO,17.722,1.0,1.0,Internal,0.0,,
P75575,rpl22,P75575,rpl22,16.0,41.0,DSSO,16.673,1.0,1.0,Internal,0.0,,
P75575,rpl22,P75575,rpl22,141.0,134.0,DSSO,12.69,1.0,1.0,Internal,0.0,,
P75575,rpl22,P75575,rpl22,98.0,106.0,DSSO,11.807,1.0,1.0,Internal,0.0,,
P75575,rpl22,P75575,rpl22,152.0,141.0,DSSO,11.172,1.0,1.0,Internal,0.0,,
P75575,rpl22,P75575,rpl22,159.0,141.0,DSSO,9.404,1.0,1.0,Internal,0.0,,
P75575,rpl22,P75575,rpl22,106.0,6.0,BS3,48.554,14.0,8.0,Internal,0.0,P75575_P75575,
P75575,rpl22,P75575,rpl22,141.0,134.0,BS3,28.132,8.0,4.0,Internal,0.0,P75575_P75575,
P75575,rpl22,P75575,rpl22,152.0,141.0,BS3,20.596,3.0,2.0,Internal,0.0,P75575_P75575,
P75575,rpl22,P75575,rpl22,119.0,106.0,BS3,19.74,4.0,2.0,Internal,0.0,P75575_P75575,
P75575,rpl22,P75575,rpl22,1.0,42.0,BS3,19.502,2.0,2.0,Internal,0.0,P75575_P75575,
P75575,rpl22,P75575,rpl22,1.0,41.0,BS3,18.588,3.0,3.0,Internal,0.0,P75575_P75575,
P75575,rpl22,P75575,rpl22,148.0,159.0,BS3,18.1,2.0,2.0,Internal,0.0,P75575_P75575,
P75575,rpl22,P75575,rpl22,1.0,16.0,BS3,18.065,3.0,3.0,Internal,0.0,P75575_P75575,
P75575,rpl22,P75575,rpl22,1.0,28.0,BS3,17.951,3.0,3.0,Internal,0.0,P75575_P75575,
P75575,rpl22,P75575,rpl22,98.0,106.0,BS3,17.339,2.0,2.0,Internal,0.0,P75575_P75575,
P75575,rpl22,P75575,rpl22,141.0,159.0,BS3,17.061,3.0,3.0,Internal,0.0,P75575_P75575,
P75575,rpl22,P75575,rpl22,42.0,16.0,BS3,15.202,2.0,1.0,Internal,0.0,P75575_P75575,
P75575,rpl22,P75575,rpl22,27.0,1.0,BS3,15.096,2.0,2.0,Internal,0.0,P75575_P75575,
P75575,rpl22,P75575,rpl22,1.0,98.0,BS3,14.706,2.0,2.0,Internal,0.0,P75575_P75575,
P75575,rpl22,P75575,rpl22,1.0,90.0,BS3,14.001,2.0,2.0,Internal,0.0,P75575_P75575,
P75575,rpl22,P75575,rpl22,134.0,159.0,BS3,12.573,2.0,2.0,Internal,0.0,P75575_P75575,
P75575,rpl22,P75575,rpl22,1.0,106.0,BS3,12.31,1.0,1.0,Internal,0.0,P75575_P75575,
P75575,rpl22,P75575,rpl22,90.0,106.0,BS3,12.221,2.0,2.0,Internal,0.0,P75575_P75575,
P75575,rpl22,P75575,rpl22,16.0,41.0,BS3,12.207,1.0,1.0,Internal,0.0,P75575_P75575,
P75575,rpl22,P75575,rpl22,42.0,90.0,BS3,11.709,1.0,1.0,Internal,0.0,P75575_P75575,
P75575,rpl22,P75575,rpl22,42.0,98.0,BS3,11.617,2.0,2.0,Internal,0.0,P75575_P75575,
P75575,rpl22,P75575,rpl22,98.0,119.0,BS3,11.608,1.0,1.0,Internal,0.0,P75575_P75575,
P75575,rpl22,P75575,rpl22,127.0,119.0,BS3,11.303,1.0,1.0,Internal,0.0,P75575_P75575,
P75575,rpl22,P75575,rpl22,122.0,106.0,BS3,10.974,1.0,1.0,Internal,0.0,P75575_P75575,
P75575,rpl22,P75575,rpl22,1.0,148.0,BS3,10.746,1.0,1.0,Internal,0.0,P75575_P75575,
P75575,rpl22,P75575,rpl22,16.0,28.0,BS3,10.561,2.0,2.0,Internal,0.0,P75575_P75575,
P75575,rpl22,P75575,rpl22,27.0,42.0,BS3,10.535,1.0,1.0,Internal,0.0,P75575_P75575,
P75575,rpl22,P75575,rpl22,152.0,119.0,BS3,10.407,2.0,1.0,Internal,0.0,P75575_P75575,
P75575,rpl22,P75575,rpl22,134.0,152.0,BS3,10.035,1.0,1.0,Internal,0.0,P75575_P75575,
P75575,rpl22,P75575,rpl22,6.0,16.0,BS3,9.588,1.0,1.0,Internal,0.0,P75575_P75575,
P75575,rpl22,P75575,rpl22,136.0,152.0,BS3,9.535,1.0,1.0,Internal,0.0,P75575_P75575,
P75575,rpl22,P75575,rpl22,16.0,90.0,BS3,8.921,1.0,1.0,Internal,0.0,P75575_P75575,
P75575,rpl22,P75575,rpl22,27.0,16.0,BS3,8.573,1.0,1.0,Internal,0.0,P75575_P75575,
P75575,rpl22,P75575,rpl22,1.0,136.0,BS3,8.428,1.0,1.0,Internal,0.0,P75575_P75575,
P75575,rpl22,P75575,rpl22,122.0,127.0,BS3,6.406,1.0,1.0,Internal,0.0,P75575_P75575,
P75575,rpl22,P75575,rpl22,1.0,141.0,BS3,6.141,1.0,1.0,Internal,0.0,P75575_P75575,
P75575,rpl22,P75575,rpl22,41.0,159.0,BS3,4.994,1.0,1.0,Internal,0.001,P75575_P75575,
P75575,rpl22,P78026,rplU,152.0,31.0,BS3,25.952,3.0,2.0,Between,0.0,P75575_P78026,
P75575,rpl22,P78026,rplU,148.0,31.0,BS3,21.804,3.0,2.0,Between,0.0,P75575_P78026,
P75575,rpl22,P75579,rplD,152.0,151.0,BS3,17.847,2.0,1.0,Between,0.003,P75575_P75579,
P75575,rpl22,P78026,rplU,159.0,31.0,BS3,16.776,1.0,1.0,Between,0.003,P75575_P78026,
P75575,rpl22,Q50300,rplO,152.0,7.0,BS3,15.507,2.0,1.0,Between,0.003,P75575_Q50300,
P75575,rpl22,P78026,rplU,1.0,1.0,BS3,14.451,1.0,1.0,Between,0.007,P75575_P78026,
P75575,rpl22,P78026,rplU,141.0,44.0,BS3,11.907,1.0,1.0,Between,0.011,P75575_P78026,
P75575,rpl22,P78026,rplU,141.0,31.0,BS3,10.547,1.0,1.0,Between,0.018,P75575_P78026,
P75575,rpl22,P78026,rplU,159.0,52.0,BS3,9.894,1.0,1.0,Between,0.025,P75575_P78026,
P75575,rpl22,P78026,rplU,1.0,67.0,BS3,9.647,1.0,1.0,Between,0.026,P75575_P78026,
P78026,rplU,P75575,rpl22,31.0,148.0,DSSO,30.362,2.0,1.0,Between,0.0,,
P78026,rplU,P75575,rpl22,31.0,152.0,DSSO,27.883,2.0,1.0,Between,0.0,,
P78026,rplU,P75575,rpl22,31.0,159.0,DSSO,21.432,1.0,1.0,Between,0.0,,
P75579,rplD,P75575,rpl22,151.0,159.0,DSSO,14.877,1.0,1.0,Between,0.012,,
P75359,pta,P75575,rpl22,61.0,93.0,BS3,10.826,1.0,1.0,Between,0.016,P75359_P75575,
P75579,rpl4,P75579,rpl4,135.0,8.0,DSSO,31.724,2.0,1.0,Internal,0.0,,
P75579,rpl4,P75579,rpl4,102.0,106.0,DSSO,24.032,2.0,1.0,Internal,0.0,,
P75579,rpl4,P75579,rpl4,102.0,94.0,DSSO,18.818,1.0,1.0,Internal,0.0,,
P75579,rpl4,P75579,rpl4,135.0,141.0,DSSO,16.74,1.0,1.0,Internal,0.0,,
P75579,rpl4,P75579,rpl4,210.0,185.0,DSSO,12.756,1.0,1.0,Internal,0.0,,
P75579,rpl4,P75579,rpl4,94.0,55.0,DSSO,10.097,1.0,1.0,Internal,0.0,,
P75579,rpl4,P75579,rpl4,201.0,19.0,BS3,26.837,3.0,2.0,Internal,0.0,P75579_P75579,
P75579,rpl4,P75579,rpl4,8.0,135.0,BS3,26.205,3.0,2.0,Internal,0.0,P75579_P75579,
P75579,rpl4,P75579,rpl4,210.0,185.0,BS3,19.056,2.0,1.0,Internal,0.0,P75579_P75579,
P75579,rpl4,P75579,rpl4,135.0,141.0,BS3,18.717,3.0,3.0,Internal,0.0,P75579_P75579,
P75579,rpl4,P75579,rpl4,94.0,106.0,BS3,17.201,2.0,1.0,Internal,0.0,P75579_P75579,
P75579,rpl4,P75579,rpl4,94.0,102.0,BS3,16.2,4.0,2.0,Internal,0.0,P75579_P75579,
P75579,rpl4,P75579,rpl4,30.0,19.0,BS3,14.887,1.0,1.0,Internal,0.0,P75579_P75579,
P75579,rpl4,P75579,rpl4,205.0,19.0,BS3,14.718,2.0,1.0,Internal,0.0,P75579_P75579,
P75579,rpl4,P75579,rpl4,155.0,181.0,BS3,12.792,1.0,1.0,Internal,0.0,P75579_P75579,
P75579,rpl4,P75579,rpl4,185.0,205.0,BS3,12.451,2.0,1.0,Internal,0.0,P75579_P75579,
P75579,rpl4,P75579,rpl4,63.0,55.0,BS3,11.992,1.0,1.0,Internal,0.0,P75579_P75579,
P75579,rpl4,P75579,rpl4,135.0,106.0,BS3,11.81,1.0,1.0,Internal,0.0,P75579_P75579,
P75579,rpl4,P75579,rpl4,106.0,102.0,BS3,11.425,3.0,1.0,Internal,0.0,P75579_P75579,
P75579,rpl4,P75579,rpl4,55.0,69.0,BS3,10.518,2.0,1.0,Internal,0.0,P75579_P75579,
P75579,rpl4,P75579,rpl4,141.0,151.0,BS3,10.407,1.0,1.0,Internal,0.0,P75579_P75579,
P75579,rpl4,P75579,rpl4,148.0,135.0,BS3,10.196,1.0,1.0,Internal,0.0,P75579_P75579,
P75579,rpl4,P75579,rpl4,181.0,201.0,BS3,9.553,1.0,1.0,Internal,0.0,P75579_P75579,
P75579,rpl4,P75579,rpl4,151.0,106.0,BS3,9.537,1.0,1.0,Internal,0.0,P75579_P75579,
P75579,rpl4,P75579,rpl4,205.0,181.0,BS3,9.363,1.0,1.0,Internal,0.0,P75579_P75579,
P75579,rpl4,P75579,rpl4,94.0,69.0,BS3,8.226,1.0,1.0,Internal,0.0,P75579_P75579,
P75579,rpl4,P75579,rpl4,119.0,141.0,BS3,7.794,1.0,1.0,Internal,0.0,P75579_P75579,
P75579,rpl4,P75579,rpl4,94.0,55.0,BS3,7.565,1.0,1.0,Internal,0.0,P75579_P75579,
P75579,rpl4,P75579,rpl4,55.0,106.0,BS3,7.33,1.0,1.0,Internal,0.0,P75579_P75579,
P75579,rpl4,P75579,rpl4,210.0,181.0,BS3,6.949,1.0,1.0,Internal,0.0,P75579_P75579,
P75579,rpl4,P75579,rpl4,64.0,55.0,BS3,3.709,1.0,1.0,Internal,0.002,P75579_P75579,
P75579,rpl4,Q50300,rplO,27.0,1.0,DSSO,19.075,1.0,1.0,Between,0.0,,
P75579,rpl4,P75575,rplV,151.0,159.0,DSSO,14.877,1.0,1.0,Between,0.012,,
P75575,rplV,P75579,rpl4,152.0,151.0,BS3,17.847,2.0,1.0,Between,0.003,P75575_P75579,
P75580,rpl3,P75580,rpl3,282.0,274.0,DSSO,33.031,5.0,2.0,Internal,0.0,,
P75580,rpl3,P75580,rpl3,275.0,269.0,DSSO,23.326,2.0,1.0,Internal,0.0,,
P75580,rpl3,P75580,rpl3,76.0,60.0,DSSO,16.328,1.0,1.0,Internal,0.0,,
P75580,rpl3,P75580,rpl3,283.0,274.0,DSSO,15.955,1.0,1.0,Internal,0.0,,
P75580,rpl3,P75580,rpl3,282.0,269.0,DSSO,14.467,1.0,1.0,Internal,0.0,,
P75580,rpl3,P75580,rpl3,241.0,248.0,DSSO,13.547,1.0,1.0,Internal,0.0,,
P75580,rpl3,P75580,rpl3,248.0,233.0,DSSO,12.872,1.0,1.0,Internal,0.0,,
P75580,rpl3,P75580,rpl3,129.0,124.0,DSSO,10.462,1.0,1.0,Internal,0.0,,
P75580,rpl3,P75580,rpl3,76.0,64.0,BS3,25.743,6.0,3.0,Internal,0.0,P75580_P75580,
P75580,rpl3,P75580,rpl3,79.0,64.0,BS3,24.425,5.0,3.0,Internal,0.0,P75580_P75580,
P75580,rpl3,P75580,rpl3,275.0,269.0,BS3,20.784,4.0,4.0,Internal,0.0,P75580_P75580,
P75580,rpl3,P75580,rpl3,161.0,164.0,BS3,17.635,3.0,2.0,Internal,0.0,P75580_P75580,
P75580,rpl3,P75580,rpl3,282.0,269.0,BS3,15.106,4.0,2.0,Internal,0.0,P75580_P75580,
P75580,rpl3,P75580,rpl3,61.0,76.0,BS3,14.977,2.0,1.0,Internal,0.0,P75580_P75580,
P75580,rpl3,P75580,rpl3,241.0,233.0,BS3,14.339,2.0,2.0,Internal,0.0,P75580_P75580,
P75580,rpl3,P75580,rpl3,233.0,275.0,BS3,14.256,2.0,1.0,Internal,0.0,P75580_P75580,
P75580,rpl3,P75580,rpl3,79.0,61.0,BS3,13.975,2.0,1.0,Internal,0.0,P75580_P75580,
P75580,rpl3,P75580,rpl3,260.0,275.0,BS3,13.363,2.0,1.0,Internal,0.0,P75580_P75580,
P75580,rpl3,P75580,rpl3,44.0,64.0,BS3,13.284,1.0,1.0,Internal,0.0,P75580_P75580,
P75580,rpl3,P75580,rpl3,248.0,275.0,BS3,12.585,2.0,2.0,Internal,0.0,P75580_P75580,
P75580,rpl3,P75580,rpl3,173.0,76.0,BS3,11.339,2.0,2.0,Internal,0.0,P75580_P75580,
P75580,rpl3,P75580,rpl3,282.0,274.0,BS3,10.923,2.0,2.0,Internal,0.0,P75580_P75580,
P75580,rpl3,P75580,rpl3,61.0,46.0,BS3,10.822,1.0,1.0,Internal,0.0,P75580_P75580,
P75580,rpl3,P75580,rpl3,269.0,248.0,BS3,10.777,2.0,2.0,Internal,0.0,P75580_P75580,
P75580,rpl3,P75580,rpl3,233.0,248.0,BS3,10.52,1.0,1.0,Internal,0.0,P75580_P75580,
P75580,rpl3,P75580,rpl3,283.0,269.0,BS3,10.19,3.0,2.0,Internal,0.0,P75580_P75580,
P75580,rpl3,P75580,rpl3,256.0,263.0,BS3,10.008,1.0,1.0,Internal,0.0,P75580_P75580,
P75580,rpl3,P75580,rpl3,283.0,275.0,BS3,9.912,2.0,2.0,Internal,0.0,P75580_P75580,
P75580,rpl3,P75580,rpl3,244.0,236.0,BS3,9.144,1.0,1.0,Internal,0.0,P75580_P75580,
P75580,rpl3,P75580,rpl3,60.0,76.0,BS3,9.05,1.0,1.0,Internal,0.0,P75580_P75580,
P75580,rpl3,P75580,rpl3,236.0,248.0,BS3,8.882,2.0,1.0,Internal,0.0,P75580_P75580,
P75580,rpl3,P75580,rpl3,260.0,236.0,BS3,8.706,1.0,1.0,Internal,0.0,P75580_P75580,
P75580,rpl3,P75580,rpl3,287.0,275.0,BS3,7.431,1.0,1.0,Internal,0.0,P75580_P75580,
P75580,rpl3,P75580,rpl3,271.0,275.0,BS3,6.659,1.0,1.0,Internal,0.0,P75580_P75580,
P75580,rpl3,P75580,rpl3,60.0,79.0,BS3,6.518,1.0,1.0,Internal,0.0,P75580_P75580,
P75580,rpl3,P75580,rpl3,244.0,233.0,BS3,6.061,1.0,1.0,Internal,0.0,P75580_P75580,
P75580,rpl3,P75580,rpl3,44.0,61.0,BS3,5.663,1.0,1.0,Internal,0.0,P75580_P75580,
P75580,rpl3,P75580,rpl3,236.0,240.0,BS3,4.453,1.0,1.0,Internal,0.002,P75580_P75580,
P75580,rpl3,P75580,rpl3,256.0,269.0,BS3,4.012,1.0,1.0,Internal,0.002,P75580_P75580,
P75580,rpl3,P75133,rplS,233.0,91.0,DSSO,32.778,3.0,1.0,Between,0.0,,
P75580,rpl3,P75133,rplS,228.0,36.0,DSSO,26.405,2.0,1.0,Between,0.0,,
P75580,rpl3,P75133,rplS,233.0,91.0,BS3,27.083,5.0,2.0,Between,0.0,P75580_P75133,
P75580,rpl3,P75133,rplS,236.0,91.0,BS3,22.968,4.0,2.0,Between,0.0,P75580_P75133,
P75580,rpl3,P75133,rplS,228.0,36.0,BS3,16.494,2.0,1.0,Between,0.003,P75580_P75133,
P75580,rpl3,Q50308,rplN,218.0,72.0,BS3,13.92,2.0,1.0,Between,0.007,P75580_Q50308,
P75178,rplM,P75580,rpl3,132.0,46.0,BS3,12.976,1.0,1.0,Between,0.007,P75178_P75580,
P75178,rplM,P75580,rpl3,139.0,46.0,BS3,10.941,1.0,1.0,Between,0.016,P75178_P75580,
P75541,rps18,P75541,rps18,61.0,69.0,DSSO,18.784,1.0,1.0,Internal,0.0,,
P75541,rps18,P75541,rps18,69.0,103.0,DSSO,16.85,1.0,1.0,Internal,0.0,,
P75541,rps18,P75541,rps18,61.0,103.0,DSSO,15.344,1.0,1.0,Internal,0.0,,
P75541,rps18,P75541,rps18,69.0,103.0,BS3,15.128,2.0,2.0,Internal,0.0,P75541_P75541,
P75541,rps18,P75541,rps18,91.0,103.0,BS3,14.253,2.0,2.0,Internal,0.0,P75541_P75541,
P75541,rps18,P75541,rps18,103.0,61.0,BS3,14.108,2.0,1.0,Internal,0.0,P75541_P75541,
P75541,rps18,P75541,rps18,88.0,103.0,BS3,13.385,2.0,2.0,Internal,0.0,P75541_P75541,
P75541,rps18,P75541,rps18,69.0,27.0,BS3,11.386,2.0,2.0,Internal,0.0,P75541_P75541,
P75541,rps18,P75541,rps18,69.0,61.0,BS3,8.338,1.0,1.0,Internal,0.0,P75541_P75541,
P75541,rps18,P75541,rps18,69.0,88.0,BS3,6.865,1.0,1.0,Internal,0.0,P75541_P75541,
P75541,rps18,P75560,rpsB,27.0,275.0,DSSO,13.529,1.0,1.0,Between,0.016,,
P75541,rps18,P57079,rpsU,103.0,7.0,BS3,25.561,4.0,3.0,Between,0.0,P75541_P57079,
P75541,rps18,P75560,rpsB,27.0,94.0,BS3,14.608,2.0,1.0,Between,0.007,P75541_P75560,
P75541,rps18,P75560,rpsB,27.0,275.0,BS3,12.224,1.0,1.0,Between,0.011,P75541_P75560,
P75541,rps18,P57079,rpsU,27.0,16.0,BS3,11.921,1.0,1.0,Between,0.011,P75541_P57079,
P75541,rps18,P75543,rpsF,103.0,51.0,BS3,10.836,1.0,1.0,Between,0.016,P75541_P75543,
P75541,rps18,P57079,rpsU,27.0,7.0,BS3,8.544,1.0,1.0,Between,0.033,P75541_P57079,
P75541,rps18,P75560,rpsB,35.0,275.0,BS3,8.133,1.0,1.0,Between,0.046,P75541_P75560,
P75541,rps18,P75560,rpsB,27.0,261.0,BS3,7.944,1.0,1.0,Between,0.048,P75541_P75560,
P75543,rpsF,P75541,rps18,43.0,61.0,DSSO,28.231,2.0,2.0,Between,0.0,,
P75543,rpsF,P75541,rps18,114.0,27.0,DSSO,11.963,1.0,1.0,Between,0.017,,
P75543,rps6,P75543,rps6,51.0,80.0,DSSO,40.682,4.0,2.0,Internal,0.0,,
P75543,rps6,P75543,rps6,111.0,114.0,DSSO,30.384,3.0,2.0,Internal,0.0,,
P75543,rps6,P75543,rps6,111.0,103.0,DSSO,18.672,2.0,1.0,Internal,0.0,,
P75543,rps6,P75543,rps6,162.0,148.0,DSSO,18.289,2.0,1.0,Internal,0.0,,
P75543,rps6,P75543,rps6,114.0,148.0,DSSO,14.189,1.0,1.0,Internal,0.0,,
P75543,rps6,P75543,rps6,51.0,61.0,DSSO,11.827,1.0,1.0,Internal,0.0,,
P75543,rps6,P75543,rps6,51.0,80.0,BS3,41.885,7.0,2.0,Internal,0.0,P75543_P75543,
P75543,rps6,P75543,rps6,61.0,51.0,BS3,34.391,7.0,4.0,Internal,0.0,P75543_P75543,
P75543,rps6,P75543,rps6,70.0,80.0,BS3,33.416,9.0,6.0,Internal,0.0,P75543_P75543,
P75543,rps6,P75543,rps6,114.0,104.0,BS3,26.747,5.0,3.0,Internal,0.0,P75543_P75543,
P75543,rps6,P75543,rps6,61.0,80.0,BS3,22.221,3.0,2.0,Internal,0.0,P75543_P75543,
P75543,rps6,P75543,rps6,104.0,80.0,BS3,21.714,3.0,2.0,Internal,0.0,P75543_P75543,
P75543,rps6,P75543,rps6,51.0,70.0,BS3,21.626,5.0,2.0,Internal,0.0,P75543_P75543,
P75543,rps6,P75543,rps6,50.0,80.0,BS3,20.175,5.0,2.0,Internal,0.0,P75543_P75543,
P75543,rps6,P75543,rps6,103.0,80.0,BS3,17.533,2.0,2.0,Internal,0.0,P75543_P75543,
P75543,rps6,P75543,rps6,61.0,50.0,BS3,17.43,2.0,1.0,Internal,0.0,P75543_P75543,
P75543,rps6,P75543,rps6,114.0,103.0,BS3,17.049,2.0,1.0,Internal,0.0,P75543_P75543,
P75543,rps6,P75543,rps6,73.0,80.0,BS3,16.783,3.0,3.0,Internal,0.0,P75543_P75543,
P75543,rps6,P75543,rps6,104.0,61.0,BS3,15.126,2.0,1.0,Internal,0.0,P75543_P75543,
P75543,rps6,P75543,rps6,111.0,103.0,BS3,14.74,2.0,2.0,Internal,0.0,P75543_P75543,
P75543,rps6,P75543,rps6,114.0,80.0,BS3,12.565,1.0,1.0,Internal,0.0,P75543_P75543,
P75543,rps6,P75543,rps6,114.0,111.0,BS3,12.12,1.0,1.0,Internal,0.0,P75543_P75543,
P75543,rps6,P75543,rps6,148.0,162.0,BS3,11.494,1.0,1.0,Internal,0.0,P75543_P75543,
P75543,rps6,P75543,rps6,114.0,61.0,BS3,11.462,1.0,1.0,Internal,0.0,P75543_P75543,
P75543,rps6,P75543,rps6,50.0,70.0,BS3,10.025,2.0,1.0,Internal,0.0,P75543_P75543,
P75543,rps6,P75543,rps6,43.0,51.0,BS3,9.038,1.0,1.0,Internal,0.0,P75543_P75543,
P75543,rps6,P75543,rps6,151.0,162.0,BS3,6.776,1.0,1.0,Internal,0.0,P75543_P75543,
P75543,rps6,P75543,rps6,111.0,61.0,BS3,6.743,2.0,1.0,Internal,0.0,P75543_P75543,
P75543,rps6,P75543,rps6,54.0,61.0,BS3,4.706,1.0,1.0,Internal,0.002,P75543_P75543,
P75543,rps6,P75543,rps6,103.0,61.0,BS3,4.139,1.0,1.0,Internal,0.002,P75543_P75543,
P75543,rps6,Q50304,rpsH,162.0,1.0,DSSO,54.551,10.0,6.0,Between,0.0,,
P75543,rps6,P75560,rpsB,151.0,50.0,DSSO,36.547,6.0,2.0,Between,0.0,,
P75543,rps6,P75541,rpsR,43.0,61.0,DSSO,28.231,2.0,2.0,Between,0.0,,
P75543,rps6,P75560,rpsB,212.0,132.0,DSSO,15.289,1.0,1.0,Between,0.012,,
P75543,rps6,P75541,rpsR,114.0,27.0,DSSO,11.963,1.0,1.0,Between,0.017,,
P75543,rps6,Q50304,rpsH,162.0,1.0,BS3,39.421,8.0,4.0,Between,0.0,P75543_Q50304,
P75543,rps6,P75560,rpsB,162.0,2.0,BS3,27.067,4.0,2.0,Between,0.0,P75543_P75560,
P75543,rps6,P75577,rplB,80.0,194.0,BS3,25.161,5.0,4.0,Between,0.0,P75543_P75577,
P75543,rps6,P75560,rpsB,151.0,50.0,BS3,23.494,4.0,2.0,Between,0.0,P75543_P75560,
P75543,rps6,P75577,rplB,70.0,116.0,BS3,20.083,4.0,3.0,Between,0.0,P75543_P75577,
P75543,rps6,Q50304,rpsH,151.0,63.0,BS3,17.526,2.0,1.0,Between,0.003,P75543_Q50304,
P75543,rps6,P75090,rpoE,162.0,1.0,BS3,14.039,1.0,1.0,Between,0.007,P75543_P75090,
P75543,rps6,P75173,rpsO,70.0,1.0,BS3,11.383,1.0,1.0,Between,0.013,P75543_P75173,
P75543,rps6,P75560,rpsB,114.0,275.0,BS3,11.076,1.0,1.0,Between,0.016,P75543_P75560,
P75543,rps6,P75560,rpsB,214.0,50.0,BS3,10.036,1.0,1.0,Between,0.024,P75543_P75560,
P75543,rps6,P75560,rpsB,153.0,50.0,BS3,9.882,1.0,1.0,Between,0.025,P75543_P75560,
P75543,rps6,Q50304,rpsH,212.0,1.0,BS3,8.524,1.0,1.0,Between,0.033,P75543_Q50304,
P75577,rplB,P75543,rps6,131.0,70.0,DSSO,15.734,1.0,1.0,Between,0.012,,
P75405,mpn376,P75543,rps6,481.0,212.0,DSSO,12.009,1.0,1.0,Between,0.017,,
P75344,dnaK,P75543,rps6,243.0,80.0,DSSO,10.758,1.0,1.0,Between,0.02,,
Q50301,rpsE,P75543,rps6,63.0,212.0,DSSO,10.708,1.0,1.0,Between,0.02,,
Q50301,rpsE,P75543,rps6,120.0,212.0,DSSO,9.504,1.0,1.0,Between,0.031,,
P75541,rpsR,P75543,rps6,103.0,51.0,BS3,10.836,1.0,1.0,Between,0.016,P75541_P75543,
Q50301,rps5,Q50301,rps5,63.0,100.0,DSSO,33.389,3.0,1.0,Internal,0.0,,
Q50301,rps5,Q50301,rps5,63.0,116.0,DSSO,28.031,3.0,1.0,Internal,0.0,,
Q50301,rps5,Q50301,rps5,181.0,152.0,DSSO,24.278,1.0,1.0,Internal,0.0,,
Q50301,rps5,Q50301,rps5,120.0,116.0,DSSO,23.966,3.0,1.0,Internal,0.0,,
Q50301,rps5,Q50301,rps5,152.0,214.0,DSSO,20.167,1.0,1.0,Internal,0.0,,
Q50301,rps5,Q50301,rps5,120.0,63.0,DSSO,15.758,1.0,1.0,Internal,0.0,,
Q50301,rps5,Q50301,rps5,201.0,214.0,DSSO,8.335,1.0,1.0,Internal,0.0,,
Q50301,rps5,Q50301,rps5,133.0,214.0,DSSO,7.263,1.0,1.0,Internal,0.0,,
Q50301,rps5,Q50301,rps5,59.0,116.0,BS3,33.401,7.0,5.0,Internal,0.0,Q50301_Q50301,
Q50301,rps5,Q50301,rps5,2.0,26.0,BS3,31.086,5.0,2.0,Internal,0.0,Q50301_Q50301,
Q50301,rps5,Q50301,rps5,63.0,116.0,BS3,28.006,6.0,4.0,Internal,0.0,Q50301_Q50301,
Q50301,rps5,Q50301,rps5,63.0,100.0,BS3,24.447,5.0,3.0,Internal,0.0,Q50301_Q50301,
Q50301,rps5,Q50301,rps5,152.0,181.0,BS3,23.924,2.0,1.0,Internal,0.0,Q50301_Q50301,
Q50301,rps5,Q50301,rps5,38.0,26.0,BS3,23.883,4.0,2.0,Internal,0.0,Q50301_Q50301,
Q50301,rps5,Q50301,rps5,59.0,100.0,BS3,19.336,2.0,1.0,Internal,0.0,Q50301_Q50301,
Q50301,rps5,Q50301,rps5,214.0,152.0,BS3,18.452,1.0,1.0,Internal,0.0,Q50301_Q50301,
Q50301,rps5,Q50301,rps5,214.0,201.0,BS3,15.491,2.0,1.0,Internal,0.0,Q50301_Q50301,
Q50301,rps5,Q50301,rps5,120.0,59.0,BS3,13.229,2.0,1.0,Internal,0.0,Q50301_Q50301,
Q50301,rps5,Q50301,rps5,125.0,117.0,BS3,13.078,2.0,1.0,Internal,0.0,Q50301_Q50301,
Q50301,rps5,Q50301,rps5,64.0,125.0,BS3,12.587,3.0,1.0,Internal,0.0,Q50301_Q50301,
Q50301,rps5,Q50301,rps5,135.0,152.0,BS3,11.313,1.0,1.0,Internal,0.0,Q50301_Q50301,
Q50301,rps5,Q50301,rps5,120.0,63.0,BS3,9.425,1.0,1.0,Internal,0.0,Q50301_Q50301,
Q50301,rps5,Q50301,rps5,120.0,116.0,BS3,9.142,1.0,1.0,Internal,0.0,Q50301_Q50301,
Q50301,rps5,Q50301,rps5,2.0,43.0,BS3,8.793,1.0,1.0,Internal,0.0,Q50301_Q50301,
Q50301,rps5,Q50301,rps5,59.0,64.0,BS3,8.779,1.0,1.0,Internal,0.0,Q50301_Q50301,
Q50301,rps5,Q50301,rps5,43.0,37.0,BS3,8.683,1.0,1.0,Internal,0.0,Q50301_Q50301,
Q50301,rps5,Q50301,rps5,125.0,116.0,BS3,8.453,1.0,1.0,Internal,0.0,Q50301_Q50301,
Q50301,rps5,Q50301,rps5,26.0,116.0,BS3,8.083,1.0,1.0,Internal,0.0,Q50301_Q50301,
Q50301,rps5,Q50301,rps5,152.0,201.0,BS3,7.288,1.0,1.0,Internal,0.0,Q50301_Q50301,
Q50301,rps5,Q50301,rps5,43.0,38.0,BS3,6.604,1.0,1.0,Internal,0.0,Q50301_Q50301,
Q50301,rps5,Q50301,rps5,103.0,64.0,BS3,6.344,1.0,1.0,Internal,0.0,Q50301_Q50301,
Q50301,rps5,Q50301,rps5,128.0,135.0,BS3,4.963,1.0,1.0,Internal,0.001,Q50301_Q50301,
Q50301,rps5,Q50301,rps5,100.0,7.0,BS3,4.295,1.0,1.0,Internal,0.002,Q50301_Q50301,
Q50301,rps5,P46775,rpsD,152.0,141.0,DSSO,18.338,1.0,1.0,Between,0.003,,
Q50301,rps5,P75560,rpsB,116.0,121.0,DSSO,17.883,1.0,1.0,Between,0.003,,
Q50301,rps5,P75344,dnaK,152.0,166.0,DSSO,12.035,1.0,1.0,Between,0.017,,
Q50301,rps5,P75543,rpsF,63.0,212.0,DSSO,10.708,1.0,1.0,Between,0.02,,
Q50301,rps5,P75344,dnaK,152.0,243.0,DSSO,9.878,1.0,1.0,Between,0.025,,
Q50301,rps5,P75543,rpsF,120.0,212.0,DSSO,9.504,1.0,1.0,Between,0.031,,
Q50301,rps5,P75560,rpsB,120.0,121.0,DSSO,9.115,1.0,1.0,Between,0.038,,
Q50301,rps5,P46775,rpsD,59.0,32.0,BS3,40.924,11.0,6.0,Between,0.0,Q50301_P46775,
Q50301,rps5,Q50304,rpsH,201.0,88.0,BS3,32.284,9.0,5.0,Between,0.0,Q50301_Q50304,
Q50301,rps5,P75560,rpsB,120.0,121.0,BS3,20.35,2.0,1.0,Between,0.0,Q50301_P75560,
Q50301,rps5,P41205,rpsC,59.0,146.0,BS3,20.091,3.0,2.0,Between,0.0,Q50301_P41205,
Q50301,rps5,Q50304,rpsH,152.0,88.0,BS3,18.09,1.0,1.0,Between,0.003,Q50301_Q50304,
Q50301,rps5,P41205,rpsC,116.0,146.0,BS3,16.956,2.0,1.0,Between,0.003,Q50301_P41205,
Q50301,rps5,P41205,rpsC,116.0,169.0,BS3,16.781,2.0,2.0,Between,0.003,Q50301_P41205,
Q50301,rps5,P75560,rpsB,116.0,121.0,BS3,16.532,2.0,1.0,Between,0.003,Q50301_P75560,
Q50301,rps5,P46775,rpsD,63.0,32.0,BS3,16.413,2.0,1.0,Between,0.003,Q50301_P46775,
Q50301,rps5,P75560,rpsB,2.0,136.0,BS3,15.525,2.0,1.0,Between,0.003,Q50301_P75560,
Q50301,rps5,P75591,nusA,59.0,269.0,BS3,12.571,1.0,1.0,Between,0.01,Q50301_P75591,
Q50301,rps5,P75581,rpsJ,2.0,30.0,BS3,12.327,1.0,1.0,Between,0.011,Q50301_P75581,
Q50301,rps5,P75591,nusA,26.0,192.0,BS3,11.34,1.0,1.0,Between,0.013,Q50301_P75591,
Q50301,rps5,P41205,rpsC,7.0,146.0,BS3,10.919,1.0,1.0,Between,0.016,Q50301_P41205,
Q50301,rps5,P75591,nusA,100.0,269.0,BS3,10.733,1.0,1.0,Between,0.016,Q50301_P75591,
Q50301,rps5,P75591,nusA,116.0,388.0,BS3,9.575,1.0,1.0,Between,0.026,Q50301_P75591,
Q50301,rps5,P41205,rpsC,2.0,227.0,BS3,8.499,1.0,1.0,Between,0.034,Q50301_P41205,
Q50301,rps5,P46775,rpsD,7.0,150.0,BS3,8.147,1.0,1.0,Between,0.046,Q50301_P46775,
Q50301,rps5,P46775,rpsD,38.0,32.0,BS3,7.959,1.0,1.0,Between,0.048,Q50301_P46775,
P75405,mpn376,Q50301,rps5,206.0,214.0,DSSO,11.605,1.0,1.0,Between,0.018,,
P41205,rps3,P41205,rps3,191.0,169.0,DSSO,22.999,1.0,1.0,Internal,0.0,,
P41205,rps3,P41205,rps3,266.0,227.0,DSSO,14.57,1.0,1.0,Internal,0.0,,
P41205,rps3,P41205,rps3,213.0,169.0,DSSO,14.463,1.0,1.0,Internal,0.0,,
P41205,rps3,P41205,rps3,32.0,16.0,DSSO,11.875,1.0,1.0,Internal,0.0,,
P41205,rps3,P41205,rps3,16.0,32.0,BS3,18.478,2.0,1.0,Internal,0.0,P41205_P41205,
P41205,rps3,P41205,rps3,146.0,227.0,BS3,17.381,3.0,2.0,Internal,0.0,P41205_P41205,
P41205,rps3,P41205,rps3,16.0,4.0,BS3,16.982,2.0,1.0,Internal,0.0,P41205_P41205,
P41205,rps3,P41205,rps3,20.0,2.0,BS3,14.801,2.0,2.0,Internal,0.0,P41205_P41205,
P41205,rps3,P41205,rps3,20.0,4.0,BS3,14.732,2.0,2.0,Internal,0.0,P41205_P41205,
P41205,rps3,P41205,rps3,227.0,213.0,BS3,13.994,2.0,1.0,Internal,0.0,P41205_P41205,
P41205,rps3,P41205,rps3,93.0,87.0,BS3,13.297,2.0,1.0,Internal,0.0,P41205_P41205,
P41205,rps3,P41205,rps3,191.0,169.0,BS3,12.076,2.0,2.0,Internal,0.0,P41205_P41205,
P41205,rps3,P41205,rps3,146.0,228.0,BS3,11.076,1.0,1.0,Internal,0.0,P41205_P41205,
P41205,rps3,P41205,rps3,191.0,213.0,BS3,10.916,1.0,1.0,Internal,0.0,P41205_P41205,
P41205,rps3,P41205,rps3,169.0,213.0,BS3,10.6,1.0,1.0,Internal,0.0,P41205_P41205,
P41205,rps3,P41205,rps3,218.0,212.0,BS3,10.351,2.0,2.0,Internal,0.0,P41205_P41205,
P41205,rps3,P41205,rps3,153.0,169.0,BS3,8.652,1.0,1.0,Internal,0.0,P41205_P41205,
P41205,rps3,P41205,rps3,213.0,218.0,BS3,7.548,1.0,1.0,Internal,0.0,P41205_P41205,
P41205,rps3,P41205,rps3,146.0,250.0,BS3,7.462,1.0,1.0,Internal,0.0,P41205_P41205,
P41205,rps3,P41205,rps3,30.0,2.0,BS3,7.01,1.0,1.0,Internal,0.0,P41205_P41205,
P41205,rps3,P41205,rps3,30.0,4.0,BS3,6.838,1.0,1.0,Internal,0.0,P41205_P41205,
P41205,rps3,P41205,rps3,23.0,4.0,BS3,5.973,1.0,1.0,Internal,0.0,P41205_P41205,
P41205,rps3,P41205,rps3,39.0,16.0,BS3,4.675,1.0,1.0,Internal,0.002,P41205_P41205,
P41205,rps3,P41205,rps3,26.0,4.0,BS3,4.569,1.0,1.0,Internal,0.002,P41205_P41205,
P41205,rps3,P75560,rpsB,227.0,136.0,DSSO,36.262,4.0,2.0,Between,0.0,,
P41205,rps3,P75461,nrdF,196.0,234.0,DSSO,14.954,2.0,2.0,Between,0.012,,
P41205,rps3,P75560,rpsB,228.0,136.0,DSSO,11.671,1.0,1.0,Between,0.018,,
P41205,rps3,P75461,nrdF,195.0,234.0,DSSO,9.494,1.0,1.0,Between,0.031,,
P41205,rps3,P75591,nusA,227.0,404.0,BS3,21.949,4.0,2.0,Between,0.0,P41205_P75591,
P41205,rps3,P75591,nusA,146.0,388.0,BS3,21.246,3.0,2.0,Between,0.0,P41205_P75591,
P41205,rps3,P75591,nusA,228.0,404.0,BS3,20.043,4.0,3.0,Between,0.0,P41205_P75591,
P41205,rps3,P75591,nusA,146.0,269.0,BS3,18.322,2.0,2.0,Between,0.003,P41205_P75591,
P41205,rps3,P78020,rpmE,32.0,84.0,BS3,16.066,2.0,1.0,Between,0.003,P41205_P78020,
P41205,rps3,P75591,nusA,32.0,524.0,BS3,9.038,1.0,1.0,Between,0.031,P41205_P75591,
P41205,rps3,P78020,rpmE,32.0,90.0,BS3,8.89,1.0,1.0,Between,0.031,P41205_P78020,
P41205,rps3,P75591,nusA,228.0,429.0,BS3,8.816,1.0,1.0,Between,0.031,P41205_P75591,
P78020,rpmE,P41205,rps3,84.0,32.0,DSSO,14.098,1.0,1.0,Between,0.016,,
P75581,rpsJ,P41205,rps3,30.0,227.0,BS3,37.347,9.0,4.0,Between,0.0,P75581_P41205,
P75560,rpsB,P41205,rps3,136.0,227.0,BS3,24.628,6.0,4.0,Between,0.0,P75560_P41205,
P75581,rpsJ,P41205,rps3,97.0,227.0,BS3,20.212,4.0,2.0,Between,0.0,P75581_P41205,
Q50301,rpsE,P41205,rps3,59.0,146.0,BS3,20.091,3.0,2.0,Between,0.0,Q50301_P41205,
P75581,rpsJ,P41205,rps3,30.0,228.0,BS3,19.641,4.0,3.0,Between,0.0,P75581_P41205,
P75560,rpsB,P41205,rps3,136.0,228.0,BS3,19.167,4.0,3.0,Between,0.003,P75560_P41205,
Q50301,rpsE,P41205,rps3,116.0,146.0,BS3,16.956,2.0,1.0,Between,0.003,Q50301_P41205,
Q50301,rpsE,P41205,rps3,116.0,169.0,BS3,16.781,2.0,2.0,Between,0.003,Q50301_P41205,
P75560,rpsB,P41205,rps3,136.0,213.0,BS3,14.709,1.0,1.0,Between,0.007,P75560_P41205,
P75581,rpsJ,P41205,rps3,97.0,250.0,BS3,14.464,1.0,1.0,Between,0.007,P75581_P41205,
P75581,rpsJ,P41205,rps3,30.0,16.0,BS3,13.81,1.0,1.0,Between,0.007,P75581_P41205,
P75581,rpsJ,P41205,rps3,30.0,272.0,BS3,13.156,1.0,1.0,Between,0.007,P75581_P41205,
P75581,rpsJ,P41205,rps3,30.0,213.0,BS3,11.255,1.0,1.0,Between,0.013,P75581_P41205,
Q50301,rpsE,P41205,rps3,7.0,146.0,BS3,10.919,1.0,1.0,Between,0.016,Q50301_P41205,
Q50305,rpsN,P41205,rps3,4.0,39.0,BS3,10.608,1.0,1.0,Between,0.018,Q50305_P41205,
P75581,rpsJ,P41205,rps3,30.0,146.0,BS3,9.981,1.0,1.0,Between,0.024,P75581_P41205,
P75560,rpsB,P41205,rps3,136.0,212.0,BS3,9.65,1.0,1.0,Between,0.026,P75560_P41205,
P75581,rpsJ,P41205,rps3,30.0,4.0,BS3,9.18,1.0,1.0,Between,0.031,P75581_P41205,
Q50301,rpsE,P41205,rps3,2.0,227.0,BS3,8.499,1.0,1.0,Between,0.034,Q50301_P41205,
P75581,rpsJ,P41205,rps3,97.0,228.0,BS3,7.954,1.0,1.0,Between,0.048,P75581_P41205,
P75581,rpsJ,P41205,rps3,30.0,143.0,BS3,7.858,1.0,1.0,Between,0.048,P75581_P41205,
P75560,rps2,P75560,rps2,129.0,136.0,DSSO,44.558,5.0,2.0,Internal,0.0,,
P75560,rps2,P75560,rps2,275.0,50.0,DSSO,30.414,2.0,1.0,Internal,0.0,,
P75560,rps2,P75560,rps2,34.0,50.0,DSSO,28.967,4.0,2.0,Internal,0.0,,
P75560,rps2,P75560,rps2,40.0,34.0,DSSO,22.251,3.0,3.0,Internal,0.0,,
P75560,rps2,P75560,rps2,275.0,2.0,DSSO,20.969,1.0,1.0,Internal,0.0,,
P75560,rps2,P75560,rps2,167.0,101.0,DSSO,20.045,2.0,1.0,Internal,0.0,,
P75560,rps2,P75560,rps2,94.0,88.0,DSSO,19.39,1.0,1.0,Internal,0.0,,
P75560,rps2,P75560,rps2,50.0,2.0,DSSO,15.949,1.0,1.0,Internal,0.0,,
P75560,rps2,P75560,rps2,161.0,94.0,DSSO,12.131,1.0,1.0,Internal,0.0,,
P75560,rps2,P75560,rps2,101.0,2.0,DSSO,8.095,1.0,1.0,Internal,0.0,,
P75560,rps2,P75560,rps2,50.0,2.0,BS3,39.926,6.0,2.0,Internal,0.0,P75560_P75560,
P75560,rps2,P75560,rps2,94.0,261.0,BS3,35.787,10.0,5.0,Internal,0.0,P75560_P75560,
P75560,rps2,P75560,rps2,34.0,22.0,BS3,30.586,8.0,4.0,Internal,0.0,P75560_P75560,
P75560,rps2,P75560,rps2,34.0,40.0,BS3,28.341,7.0,3.0,Internal,0.0,P75560_P75560,
P75560,rps2,P75560,rps2,275.0,50.0,BS3,27.504,7.0,2.0,Internal,0.0,P75560_P75560,
P75560,rps2,P75560,rps2,170.0,132.0,BS3,26.251,3.0,1.0,Internal,0.0,P75560_P75560,
P75560,rps2,P75560,rps2,136.0,147.0,BS3,25.602,5.0,3.0,Internal,0.0,P75560_P75560,
P75560,rps2,P75560,rps2,101.0,167.0,BS3,24.95,4.0,2.0,Internal,0.0,P75560_P75560,
P75560,rps2,P75560,rps2,94.0,275.0,BS3,23.725,3.0,2.0,Internal,0.0,P75560_P75560,
P75560,rps2,P75560,rps2,73.0,14.0,BS3,23.565,2.0,2.0,Internal,0.0,P75560_P75560,
P75560,rps2,P75560,rps2,261.0,275.0,BS3,22.458,6.0,5.0,Internal,0.0,P75560_P75560,
P75560,rps2,P75560,rps2,22.0,2.0,BS3,20.785,2.0,2.0,Internal,0.0,P75560_P75560,
P75560,rps2,P75560,rps2,185.0,275.0,BS3,19.773,2.0,2.0,Internal,0.0,P75560_P75560,
P75560,rps2,P75560,rps2,50.0,34.0,BS3,19.716,5.0,3.0,Internal,0.0,P75560_P75560,
P75560,rps2,P75560,rps2,249.0,14.0,BS3,19.425,3.0,3.0,Internal,0.0,P75560_P75560,
P75560,rps2,P75560,rps2,34.0,2.0,BS3,19.348,2.0,2.0,Internal,0.0,P75560_P75560,
P75560,rps2,P75560,rps2,161.0,94.0,BS3,19.025,3.0,2.0,Internal,0.0,P75560_P75560,
P75560,rps2,P75560,rps2,40.0,2.0,BS3,17.611,2.0,2.0,Internal,0.0,P75560_P75560,
P75560,rps2,P75560,rps2,136.0,129.0,BS3,17.184,4.0,2.0,Internal,0.0,P75560_P75560,
P75560,rps2,P75560,rps2,147.0,161.0,BS3,15.348,4.0,4.0,Internal,0.0,P75560_P75560,
P75560,rps2,P75560,rps2,101.0,275.0,BS3,14.322,2.0,2.0,Internal,0.0,P75560_P75560,
P75560,rps2,P75560,rps2,275.0,161.0,BS3,13.681,2.0,1.0,Internal,0.0,P75560_P75560,
P75560,rps2,P75560,rps2,275.0,2.0,BS3,13.439,1.0,1.0,Internal,0.0,P75560_P75560,
P75560,rps2,P75560,rps2,249.0,275.0,BS3,13.24,2.0,2.0,Internal,0.0,P75560_P75560,
P75560,rps2,P75560,rps2,146.0,275.0,BS3,13.222,2.0,1.0,Internal,0.0,P75560_P75560,
P75560,rps2,P75560,rps2,275.0,34.0,BS3,12.261,2.0,1.0,Internal,0.0,P75560_P75560,
P75560,rps2,P75560,rps2,136.0,170.0,BS3,11.912,1.0,1.0,Internal,0.0,P75560_P75560,
P75560,rps2,P75560,rps2,101.0,170.0,BS3,11.384,1.0,1.0,Internal,0.0,P75560_P75560,
P75560,rps2,P75560,rps2,147.0,275.0,BS3,10.323,1.0,1.0,Internal,0.0,P75560_P75560,
P75560,rps2,P75560,rps2,275.0,88.0,BS3,9.109,1.0,1.0,Internal,0.0,P75560_P75560,
P75560,rps2,P75560,rps2,275.0,167.0,BS3,8.802,1.0,1.0,Internal,0.0,P75560_P75560,
P75560,rps2,P75560,rps2,147.0,167.0,BS3,8.48,1.0,1.0,Internal,0.0,P75560_P75560,
P75560,rps2,P75560,rps2,14.0,34.0,BS3,8.434,1.0,1.0,Internal,0.0,P75560_P75560,
P75560,rps2,P75560,rps2,93.0,101.0,BS3,7.912,1.0,1.0,Internal,0.0,P75560_P75560,
P75560,rps2,P75560,rps2,93.0,34.0,BS3,7.708,1.0,1.0,Internal,0.0,P75560_P75560,
P75560,rps2,P75560,rps2,88.0,34.0,BS3,6.025,1.0,1.0,Internal,0.0,P75560_P75560,
P75560,rps2,P75560,rps2,50.0,168.0,BS3,4.536,1.0,1.0,Internal,0.002,P75560_P75560,
P75560,rps2,P75591,nusA,136.0,388.0,BS3,27.558,5.0,3.0,Between,0.0,P75560_P75591,
P75560,rps2,P41205,rpsC,136.0,227.0,BS3,24.628,6.0,4.0,Between,0.0,P75560_P41205,
P75560,rps2,P41205,rpsC,136.0,228.0,BS3,19.167,4.0,3.0,Between,0.003,P75560_P41205,
P75560,rps2,P57079,rpsU,275.0,16.0,BS3,16.613,2.0,2.0,Between,0.003,P75560_P57079,
P75560,rps2,P41205,rpsC,136.0,213.0,BS3,14.709,1.0,1.0,Between,0.007,P75560_P41205,
P75560,rps2,P75591,nusA,136.0,440.0,BS3,11.712,1.0,1.0,Between,0.011,P75560_P75591,
P75560,rps2,P41205,rpsC,136.0,212.0,BS3,9.65,1.0,1.0,Between,0.026,P75560_P41205,
P75560,rps2,P75591,nusA,132.0,388.0,BS3,9.277,1.0,1.0,Between,0.031,P75560_P75591,
P75560,rps2,P57079,rpsU,275.0,2.0,BS3,8.028,1.0,1.0,Between,0.046,P75560_P57079,
P75560,rps2,P57079,rpsU,275.0,7.0,BS3,7.87,1.0,1.0,Between,0.048,P75560_P57079,
P75543,rpsF,P75560,rps2,151.0,50.0,DSSO,36.547,6.0,2.0,Between,0.0,,
P41205,rpsC,P75560,rps2,227.0,136.0,DSSO,36.262,4.0,2.0,Between,0.0,,
P57079,rpsU,P75560,rps2,16.0,275.0,DSSO,24.61,2.0,1.0,Between,0.0,,
Q50301,rpsE,P75560,rps2,116.0,121.0,DSSO,17.883,1.0,1.0,Between,0.003,,
P75344,dnaK,P75560,rps2,166.0,275.0,DSSO,17.178,1.0,1.0,Between,0.008,,
P75543,rpsF,P75560,rps2,212.0,132.0,DSSO,15.289,1.0,1.0,Between,0.012,,
P75591,nusA,P75560,rps2,388.0,132.0,DSSO,14.949,2.0,1.0,Between,0.012,,
P23568,tuf,P75560,rps2,74.0,275.0,DSSO,14.032,1.0,1.0,Between,0.016,,
P75541,rpsR,P75560,rps2,27.0,275.0,DSSO,13.529,1.0,1.0,Between,0.016,,
P75591,nusA,P75560,rps2,388.0,136.0,DSSO,12.446,1.0,1.0,Between,0.016,,
P41205,rpsC,P75560,rps2,228.0,136.0,DSSO,11.671,1.0,1.0,Between,0.018,,
P75344,dnaK,P75560,rps2,243.0,275.0,DSSO,10.601,2.0,1.0,Between,0.02,,
Q50301,rpsE,P75560,rps2,120.0,121.0,DSSO,9.115,1.0,1.0,Between,0.038,,
P75344,dnaK,P75560,rps2,583.0,275.0,DSSO,9.06,1.0,1.0,Between,0.038,,
P75543,rpsF,P75560,rps2,162.0,2.0,BS3,27.067,4.0,2.0,Between,0.0,P75543_P75560,
P75543,rpsF,P75560,rps2,151.0,50.0,BS3,23.494,4.0,2.0,Between,0.0,P75543_P75560,
Q50301,rpsE,P75560,rps2,120.0,121.0,BS3,20.35,2.0,1.0,Between,0.0,Q50301_P75560,
Q50301,rpsE,P75560,rps2,116.0,121.0,BS3,16.532,2.0,1.0,Between,0.003,Q50301_P75560,
Q50301,rpsE,P75560,rps2,2.0,136.0,BS3,15.525,2.0,1.0,Between,0.003,Q50301_P75560,
P75541,rpsR,P75560,rps2,27.0,94.0,BS3,14.608,2.0,1.0,Between,0.007,P75541_P75560,
P78012,groEL,P75560,rps2,337.0,275.0,BS3,13.034,2.0,1.0,Between,0.007,P78012_P75560,
P75541,rpsR,P75560,rps2,27.0,275.0,BS3,12.224,1.0,1.0,Between,0.011,P75541_P75560,
P75543,rpsF,P75560,rps2,114.0,275.0,BS3,11.076,1.0,1.0,Between,0.016,P75543_P75560,
P75543,rpsF,P75560,rps2,214.0,50.0,BS3,10.036,1.0,1.0,Between,0.024,P75543_P75560,
P75543,rpsF,P75560,rps2,153.0,50.0,BS3,9.882,1.0,1.0,Between,0.025,P75543_P75560,
P75541,rpsR,P75560,rps2,35.0,275.0,BS3,8.133,1.0,1.0,Between,0.046,P75541_P75560,
P75541,rpsR,P75560,rps2,27.0,261.0,BS3,7.944,1.0,1.0,Between,0.048,P75541_P75560,
